ID,NAME,ADDRESS,CITY,STATE,ZIP,PHONE,UTILIZATION
77487085-d468-4b0a-91f0-8e40cc5c735a,ST ROSE HOSPITAL,27200 CALAROGA AVE,HAYWARD,CA,94545,5107826200,4289
7a5ff303-2264-4ee2-92b0-00954aba8272,ST JOSEPH HOSPITAL,2700 DOLBEER ST,EUREKA,CA,95501,7074458121,1669
12fb0347-8105-4ac5-b302-7a623491ae5e,MILLS-PENINSULA MEDICAL CENTER,1501 TROUSDALE DRIVE,BURLINGAME,CA,94010,6506965270,1983
8747002a-d1b5-4605-8154-bc2e9c47ccb9,CALIFORNIA PACIFIC MEDICAL CTR-DAVIES CAMPUS HOSP,601 DUBOCE AVE,SAN FRANCISCO,CA,94117,4156006000,14243
4c2daa24-b245-47d6-913c-43a73d7a2320,QUEEN OF THE VALLEY MEDICAL CENTER,1000 TRANCAS ST,NAPA,CA,94558,7072524411,639
6f2202b9-0579-4824-b020-0f1324e63511,ST HELENA HOSPITAL,10 WOODLAND ROAD,SAINT HELENA,CA,94574,7079633611,44
ed9fa3d9-2136-492c-82a3-86c587479b0c,SUTTER AMADOR HOSPITAL,200 MISSION BLVD,JACKSON,CA,95642,2092237500,65
43263e62-c9ef-44a9-8a7a-845c2d2564d7,MERCY GENERAL HOSPITAL,4001 J ST,SACRAMENTO,CA,95819,9164534453,12100
6ef899ba-4049-47ab-8776-a8b8a845fbf8,PACIFIC ALLIANCE MEDICAL CENTER,531 W COLLEGE ST,LOS ANGELES,CA,90012,2136248411,34580
c443cca2-df8c-4677-ae43-fe08c3d755b0,RIVERSIDE COMMUNITY HOSPITAL,4445 MAGNOLIA AVENUE,RIVERSIDE,CA,92501,9517883000,4458
5e4af2ca-9bb3-4d3f-9599-ddaa944e55d2,PARADISE VALLEY HOSPITAL,2400 EAST 4TH ST,NATIONAL CITY,CA,91950,6194704321,1641
8f65d008-5ad3-4f5c-98f3-93d831f76009,UC SAN DIEGO HEALTH HILLCREST - HILLCREST MED CTR,200 WEST ARBOR DRIVE,SAN DIEGO,CA,92103,6195436222,25776
6e2d9a77-4914-4094-bde6-6b991a4f5b5e,GROSSMONT HOSPITAL,5555 GROSSMONT CENTER DRIVE BOX 58,LA MESA,CA,91942,6194650711,4148
9d7486f8-a385-43ca-88ed-6c619ad6c827,MAD RIVER COMMUNITY HOSPITAL,3800 JANES RD,ARCATA,CA,95521,7078223621,161
ececf09c-9455-496f-bdf2-3e89598dd2f1,OROVILLE HOSPITAL,2767 OLIVE HIGHWAY,OROVILLE,CA,95966,5305338500,830
3751319b-8104-407b-9c8c-58b87e5324c4,BAKERSFIELD MEMORIAL HOSPITAL,420 34TH ST,BAKERSFIELD,CA,93301,6613271792,3291
e6dc878b-c64d-4769-af61-bfc834f04ca4,SANTA CLARA VALLEY MEDICAL CENTER,751 SOUTH BASCOM AVENUE,SAN JOSE,CA,95128,4088855000,8951
84eabec2-2c28-43a3-88ff-a8f1fd3832ba,ENLOE MEDICAL CENTER,1531 ESPLANADE,CHICO,CA,95926,5303327300,1284
5e9c7724-8b1b-469b-85bf-a5cc2648c8eb,LAC/OLIVE VIEW-UCLA MEDICAL CENTER,14445 OLIVE VIEW DRIVE,SYLMAR,CA,91342,8183641555,749
6d54670e-0f14-4702-aa1c-882df1bcbd5d,ST ELIZABETH COMMUNITY HOSPITAL,2550 SISTER MARY COLUMBA DRIVE,RED BLUFF,CA,96080,5305298012,63
0eb206de-0131-4ac6-b12e-908eaf34ef43,ALTA BATES SUMMIT MEDICAL CENTER,350 HAWTHORNE AVENUE,OAKLAND,CA,94609,5106554000,4690
0263ef0e-cc18-43ff-a722-2e96e9a5f5f7,EL CENTRO REGIONAL MEDICAL CENTER,1415 ROSS AVENUE,EL CENTRO,CA,92243,7603397100,1852
9aa29cdc-323d-425d-9789-9afdbda11ed2,SAN GORGONIO MEMORIAL HOSPITAL,600 NORTH HIGHLAND SPRINGS AVENUE,BANNING,CA,92220,9518451121,1325
f56b6557-14d7-4a28-ba98-baf5fd499a9a,ANTELOPE VALLEY HOSPITAL,1600 W AVE J,LANCASTER,CA,93534,6619495000,4789
52d56ecd-3591-43f2-b7cf-e8933d5a9020,KAWEAH DELTA MEDICAL CENTER,400 W MINERAL KING AVE,VISALIA,CA,93291,5596242000,1454
9a3e119e-d590-4a8b-a770-36323d31f56c,GLENDALE MEM HOSPITAL & HLTH CENTER,1420 S CENTRAL AVE,GLENDALE,CA,91204,8185021900,3141
cb515d39-15d1-4ef8-909c-01fbdfa62c25,COMMUNITY REGIONAL MEDICAL CENTER,2823 FRESNO STREET,FRESNO,CA,93721,5594596000,8385
7fe07815-53dd-475d-9507-1e6b4cc0f06f,OAK VALLEY HOSPITAL DISTRICT,350 S OAK AVE,OAKDALE,CA,95361,2098473011,599
8ef96610-c080-4859-8f6a-2d1ff820d893,ST JOSEPH HOSPITAL,1100 WEST STEWART DR,ORANGE,CA,92868,7146339111,2131
adc7e7c8-40a0-4723-8149-1f4a884af5fd,KAISER FOUNDATION HOSPITAL - SOUTH SAN FRANCISCO,1200 EL CAMINO REAL,SOUTH SAN FRANCISCO,CA,94080,6507423200,2099
1fbde1ca-dedf-461f-9a31-d733ba62da66,KAISER FOUNDATION HOSPITAL-SANTA CLARA,700 LAWRENCE EXPRESSWAY,SANTA CLARA,CA,95051,4082366400,14318
5fcd4112-3bed-478c-8fa9-541ed4b95e34,KAISER FOUNDATION HOSPITAL - WALNUT CREEK,1425 S MAIN STREET,WALNUT CREEK,CA,94596,9252954000,738
b952ef59-5979-4266-82db-13d0e85c8374,KAISER FOUNDATION HOSPITAL AND REHAB CENTER,975 SERENO DR,VALLEJO,CA,94589,7076511000,3208
3a0c61c4-871a-4d9d-80bc-fcd84afa2e79,KAISER FOUNDATION HOSPITAL - SAN FRANCISCO,2425 GEARY BLVD,SAN FRANCISCO,CA,94115,4158332646,1762
4138f03b-71f0-4304-a2aa-54ef9b7b6354,PROVIDENCE LITTLE CO OF MARY MED CTR SAN PEDRO,1300 W 7TH ST,SAN PEDRO,CA,90732,3108323311,1914
e849263a-bfaf-4417-8ab0-4d1a58fcc0fe,ST JOHNS REGIONAL MEDICAL CENTER,1600 N ROSE AVE,OXNARD,CA,93030,8059882500,2998
60e44584-7735-4f9a-8164-9699b5c3ae14,ST JOSEPH'S MEDICAL CENTER OF STOCKTON,1800 N CALIFORNIA ST,STOCKTON,CA,95204,2099432000,3722
3bb6e76c-0d99-44ad-b043-09c243b339be,COMMUNITY HOSPITAL OF SAN BERNARDINO,1805 MEDICAL CENTER DRIVE,SAN BERNARDINO,CA,92411,9098876333,1702
2d4aed5a-f311-4a29-8c89-b450459727ad,COMMUNITY HOSPITAL OF HUNTINGTON PARK,2623 E SLAUSON AVE,HUNTINGTON PARK,CA,90255,3235831931,3859
a99b8631-4a91-48a1-88d2-2b8262db922c,SAINT AGNES MEDICAL CENTER,1303 E HERNDON AVE,FRESNO,CA,93710,5594503000,2609
6a778f45-917a-467f-b8af-4b656c30b9ce,WEST COVINA MEDICAL CENTER  INC,725 S ORANGE AVE,WEST COVINA,CA,91790,6263388481,922
cfc5183a-4907-4924-9349-f08634cfdd4d,SAN ANTONIO REGIONAL HOSPITAL,999 SAN BERNARDINO ROAD,UPLAND,CA,91786,7149852811,3639
a460708d-074a-40ce-a668-a4bce5c96c6a,SAINT FRANCIS MEDICAL CENTER,3630 EAST IMPERIAL HIGHWAY,LYNWOOD,CA,90262,3109008900,3121
ccc42732-f812-4e92-a5cd-b0e34ac3fa58,MARIAN REGIONAL MEDICAL CENTER,1400 E CHURCH ST,SANTA MARIA,CA,93454,8057393100,1361
00e2e190-c1a3-4fe8-83b9-47e0ad12e76d,SUTTER MEDICAL CENTER  SACRAMENTO,2825 CAPITOL AVENUE,SACRAMENTO,CA,95816,9167338999,251
0adf2bbd-8c15-4feb-99a9-ca139f71415e,LOMPOC VALLEY MEDICAL CENTER,1515 E OCEAN AVENUE,LOMPOC,CA,93436,8057373300,1304
bc3831bf-4d36-4949-867f-45110eba8e26,SANTA MONICA - UCLA MED CTR & ORTHOPAEDIC HOSPITAL,1250 16TH STREET,SANTA MONICA,CA,90404,3103194000,861
9736949a-d67a-4fed-a6f6-adc9ae773a7f,SAN MATEO MEDICAL CENTER,222 W 39TH AVE,SAN MATEO,CA,94403,6505732222,1292
93a3ca63-49d0-44e8-9f3a-35c3d620ef40,PALOMAR HEALTH DOWNTOWN CAMPUS,555 E VALLEY PARKWAY,ESCONDIDO,CA,92025,7607393000,4630
ee4c2345-75f9-4cc0-b3cb-1e79b662a369,DOCTORS HOSPITAL OF MANTECA,1205 E NORTH STREET,MANTECA,CA,95336,2098233111,2167
21a60942-5921-43c7-ba7d-24c83cf42d2d,ADVENTIST MEDICAL CENTER,115 MALL DRIVE,HANFORD,CA,93230,2094107200,1214
d1192512-9ec5-4b61-943a-cdeb52945f4d,WOODLAND MEMORIAL HOSPITAL,1325 COTTONWOOD STREET,WOODLAND,CA,95695,5306623961,1886
ade16da6-d570-4e99-83e0-4eddb8c223ae,TRI-CITY MEDICAL CENTER,4002 VISTA WAY,OCEANSIDE,CA,92056,7607248411,8594
f387bb9a-d516-4303-8b98-3982787f70fa,NOVATO COMMUNITY HOSPITAL,180 ROWLAND WAY,NOVATO,CA,94945,4152091300,611
a17c64b2-cacd-4493-8412-bd0a87e159c7,SAN GABRIEL VALLEY MEDICAL CENTER,438 W LAS TUNAS DRIVE,SAN GABRIEL,CA,91776,6262895454,1035
d9ae222e-225b-49fd-a697-535c6f01737e,RIDEOUT MEMORIAL HOSPITAL,726 4TH ST,MARYSVILLE,CA,95901,5307494300,80
59e31f21-439a-4105-bcef-69b464c33fb2,SOUTHERN CALIFORNIA HOSPITAL AT HOLLYWOOD,6245 DE LONGPRE AVE,HOLLYWOOD,CA,90028,3234622271,1295
3c23512d-7189-422c-b024-63633878b8d0,PETALUMA VALLEY HOSPITAL,400 N MCDOWELL BLVD,PETALUMA,CA,94954,7077781111,450
cdeca8d8-e081-4c57-98b6-d1cce5549bdd,KAISER FOUNDATION HOSPITAL - DOWNEY,9333 IMPERIAL HIGHWAY,DOWNEY,CA,90242,5624616007,1382
80ac801f-eced-4c8c-b754-0cade5cd0def,KAISER FOUNDATION HOSPITAL FONTANA,9961 SIERRA AVE,FONTANA,CA,92335,9094275500,4104
ac8d3af2-5365-4ab0-ae24-b6a3d47bd2e4,COMMUNITY HOSPITAL OF THE MONTEREY PENINSULA,23625 W R HOLMAN HIGHWAY,MONTEREY,CA,93940,8316245311,170
5af8697b-3768-4928-9999-a85a6dd652bb,VENTURA COUNTY MEDICAL CENTER,300 HILLMONT AVENUE,VENTURA,CA,93003,8056526075,3051
6a5494bb-a086-4efd-9729-a62ef40b7ed1,ST JUDE MEDICAL CENTER,101 E VALENCIA MESA DRIVE,FULLERTON,CA,92835,7149923000,6530
d853e46b-2eb1-44a6-8ec7-251696f08a00,PRESBYTERIAN INTERCOMMUNITY HOSPITAL,12401 WASHINGTON BLVD,WHITTIER,CA,90602,5266980811,186
319930dc-26d1-4fac-8ede-10d3b903ecc3,SANTA ROSA MEMORIAL HOSPITAL,1165 MONTGOMERY DR,SANTA ROSA,CA,95405,7075255300,2574
70f73357-bf7a-4620-8513-4d128d060959,EMANUEL MEDICAL CENTER,825 DELBON AVE,TURLOCK,CA,95382,2096674200,1423
6fe7eb29-94ae-4730-b655-00733c23736d,ST MARY MEDICAL CENTER,1050 LINDEN AVE,LONG BEACH,CA,90813,5624919000,5787
dc88f0e2-a824-48d5-9128-a924cde7ec49,ADVENTIST MEDICAL CENTER - REEDLEY,372 W CYPRESS AVE,REEDLEY,CA,93654,5596388155,1841
054c77d8-934f-473d-adce-8114bd557377,WATSONVILLE COMMUNITY HOSPITAL,75 NIELSON STREET,WATSONVILLE,CA,95076,8317244741,974
35772617-4461-487a-8bd9-c8ca455bd040,WASHINGTON HOSPITAL,2000 MOWRY AVE,FREMONT,CA,94538,5107971111,5321
1f69f2f6-bafa-46e7-845e-51712a7e2dda,SEQUOIA HOSPITAL,170 ALAMEDA DE LAS PULGAS,REDWOOD CITY,CA,94062,6503675551,5935
31c4b603-20d7-4492-a1eb-019c50183fbf,EAST VALLEY GLENDORA HOSPITAL,150 WEST ROUTE 66,GLENDORA,CA,91740,6263350231,869
afd707aa-98c8-413d-b59b-b1c8d3acb551,ALAMEDA HOSPITAL,2070 CLINTON AVENUE,ALAMEDA,CA,94501,5105223700,881
f7e0f38e-0b73-40c9-bf7d-d62d13dc4547,SHARP CHULA VISTA MEDICAL CENTER,751 MEDICAL CENTER COURT,CHULA VISTA,CA,91911,6195025800,2134
4fa64cd0-a079-4b5f-b6f7-027d5959e1f9,HOAG MEMORIAL HOSPITAL PRESBYTERIAN,ONE HOAG DRIVE,NEWPORT BEACH,CA,92663,9497644624,1204
1926c246-d92e-4230-9b87-2f4db1b8f80c,FEATHER RIVER HOSPITAL,5974 PENTZ ROAD,PARADISE,CA,95969,5308779361,129
bfc1d177-aaab-4310-a47c-13cb591ecb72,AHMC ANAHEIM REGIONAL MEDICAL CENTER,1111 W LA PALMA AVENUE,ANAHEIM,CA,92801,7147741450,4377
01e54d5f-dc65-45ac-9ed6-c6178fc7d905,GARDEN GROVE HOSPITAL & MEDICAL CENTER,12601 GARDEN GROVE BLVD,GARDEN GROVE,CA,92843,7145375160,8517
15ba36c7-bdbe-4ffb-a72b-c27f1ff733fa,POMONA VALLEY HOSPITAL MEDICAL CENTER,1798 N GAREY AVE,POMONA,CA,91767,9098659500,2606
6c8e4860-508a-4dcf-976d-91ab9105031c,FRENCH HOSPITAL MEDICAL CENTER,1911 JOHNSON AVE,SAN LUIS OBISPO,CA,93401,8055435353,325
dfad976a-91ba-404f-899c-f0d4bea6f5c7,SHARP CORONADO HOSPITAL AND HLTHCR CTR,250 PROSPECT PLACE,CORONADO,CA,92118,6194356251,1101
16f8ffc1-09ba-4473-914f-24d492e308fb,PROVIDENCE SAINT JOSEPH MEDICAL CTR,501 SOUTH BUENA VISTA,BURBANK,CA,91505,8188435111,638
c543467c-2989-4ace-a4fd-34272582022f,ADVENTIST HEALTH SIMI VALLEY,2975 N SYCAMORE DR,SIMI VALLEY,CA,93065,8059556000,840
f09a9dd3-1c63-4310-810a-790bdc37297d,METHODIST HOSPITAL OF SOUTHERN CA,300 W HUNTINGTON DR,ARCADIA,CA,91006,6264454441,1803
fe7ae7ac-e931-405f-9dce-25311a99ebb8,DESERT REGIONAL MEDICAL CENTER,1150 NORTH INDIAN CANYON DRIVE,PALM SPRINGS,CA,92262,7603236511,1297
d340a3e4-a84c-4c0c-a01f-3162a2f260cd,ARROWHEAD REGIONAL MEDICAL CENTER,400 NORTH PEPPER AVENUE,COLTON,CA,92324,9095801000,2241
6ca58644-a17f-459c-859d-2b78bc209e80,NATIVIDAD MEDICAL CENTER,1441 CONSTITUTION BOULEVARD,SALINAS,CA,93906,8317554195,3784
43743080-9855-4e2e-ad17-0a5e3e374eab,SIERRA VIEW MEDICAL CENTER,465 W PUTNAM AVE,PORTERVILLE,CA,93257,5597841110,1028
703bf7c5-05c1-4ee0-a299-a0bc1d2c3aa6,REDLANDS COMMUNITY HOSPITAL,350 TERRACINA BLVD,REDLANDS,CA,92373,9093355500,1336
9088ec05-e474-414d-9454-d6b47d713d99,CONTRA COSTA REGIONAL MEDICAL CENTER,2500 ALHAMBRA AVENUE,MARTINEZ,CA,94553,9253705000,67
2fbb4cd7-337a-4240-9b45-b7cbe6ad197c,PROVIDENCE HOLY CROSS MEDICAL CENTER,15031 RINALDI ST,MISSION HILLS,CA,91346,8183658051,28
5f27c59b-6201-4111-81e4-6346975be2ba,HI-DESERT MEDICAL CENTER,6601 WHITE FEATHER ROAD,JOSHUA TREE,CA,92252,7603663711,693
d4de6eca-f7bd-42d5-a0a9-710ec40d3e7e,MERCY MEDICAL CENTER REDDING,2175 ROSALINE AVE  CLAIRMONT HGTS,REDDING,CA,96001,5302256102,3146
f669fa20-d17e-4ec1-984c-dc4ff363f922,ALHAMBRA HOSPITAL MEDICAL CENTER,100 S RAYMOND AVE,ALHAMBRA,CA,91801,6265701606,2683
1bd8c6fe-bf78-441f-9d09-3e523eed4b55,STANFORD HEALTH CARE - VALLEYCARE,5555 WEST LAS POSITAS BOULEVARD,PLEASANTON,CA,94588,9254477000,1055
6f42916d-485c-4282-833e-98bd130be7fc,SETON MEDICAL CENTER,1900 SULLIVAN AVENUE,DALY CITY,CA,94015,6509924000,450
ddd293fa-28f5-479d-b987-881d02aad5e5,SUTTER SANTA ROSA REGIONAL HOSPITAL,30 MARK WEST SPRINGS ROAD,SANTA ROSA,CA,95403,7075764000,90
8e720220-c6da-4f5b-a5b3-5be91414e66a,RIVERSIDE UNIVERSITY HEALTH SYSTEM-MEDICAL CENTER,26520 CACTUS AVENUE,MORENO VALLEY,CA,92555,9514864000,5585
90ea5414-0994-47df-a5fb-d87f9756530d,HAZEL HAWKINS MEMORIAL HOSPITAL,911 SUNSET DRIVE,HOLLISTER,CA,95023,8316375711,290
f043d192-5d1d-4c2a-88c7-fea5cd7c4e2e,BARSTOW COMMUNITY HOSPITAL,820 E MOUNTAIN VIEW STREET,BARSTOW,CA,92311,7602561761,786
ecd2bd51-065b-495b-b281-641628d01bab,ST MARY MEDICAL CENTER,18300 HIGHWAY 18,APPLE VALLEY,CA,92307,7602422311,2518
69d507dc-39ad-472a-9d47-250072f808e1,UKIAH VALLEY MEDICAL CENTER,275 HOSPITAL DRIVE,UKIAH,CA,95482,7074623111,447
45e3729c-8a30-4b12-9b0c-72225d9598cc,ALTA BATES SUMMIT MEDICAL CENTER - ALTA BATES CAMP,2450 ASHBY AVENUE,BERKELEY,CA,94705,5102044444,5662
f2935b66-1bb0-4fb7-8e9c-206b5ac86f17,EL CAMINO HOSPITAL,2500 GRANT ROAD,MOUNTAIN VIEW,CA,94040,6509407000,3201
fb378bcb-344d-4cf6-863b-25f3d576e21e,SUTTER ROSEVILLE MEDICAL CENTER,ONE MEDICAL PLAZA,ROSEVILLE,CA,95661,9167811000,3473
d8665967-94d0-4d49-87f2-cdbd442587f8,SUTTER TRACY COMMUNITY HOSPITAL,1420 NORTH TRACY BLVD,TRACY,CA,95376,2098351500,994
dc41dfbc-61ea-46c9-84ff-85308cae80e9,LOMA LINDA UNIVERSITY MEDICAL CENTER,11234 ANDERSON ST,LOMA LINDA,CA,92354,9095584000,242
e74839a0-b61b-41c4-a1c2-78f4db15d67e,CORONA REGIONAL MEDICAL CENTER,800 SOUTH MAIN STREET,CORONA,CA,92882,9517374343,5006
0190e72a-1496-4151-9c31-30477ae89ba3,ADVENTIST HEALTH SONORA,1000 GREENLEY ROAD,SONORA,CA,95370,2095323161,325
1143acd0-b7ac-4076-9530-97adf5689095,LODI MEMORIAL HOSPITAL,975 S FAIRMONT AVENUE,LODI,CA,95240,2093343411,934
d06fa1c7-832e-4ed6-8f6d-7d285769c688,PIONEERS MEMORIAL HEALTHCARE DISTRICT,207 WEST LEGION ROAD,BRAWLEY,CA,92227,7603513333,246
5d5cadb5-ee99-4d9d-9e95-c5bdf879e7e3,BEVERLY HOSPITAL,309 W BEVERLY BLVD,MONTEBELLO,CA,90640,3237261222,131
567be4d8-0bda-424d-9aa6-39df3a88763e,TORRANCE MEMORIAL MEDICAL CENTER,3330 LOMITA BLVD,TORRANCE,CA,90509,3103259110,1931
c8ebfce4-8b22-41dd-b838-7646bbf06fee,BARTON MEMORIAL HOSPITAL,2170 SOUTH AVENUE,SOUTH LAKE TAHOE,CA,96150,5305413420,856
122931bc-6929-4779-a3b6-0af980dbd94d,GOLETA VALLEY COTTAGE HOSPITAL,351 S PATTERSON AVE,SANTA BARBARA,CA,93111,8056816446,4641
5f865814-9ccf-4630-bb75-645106caee10,TULARE REGIONAL MEDICAL CENTER,869 NORTH CHERRY AVENUE,TULARE,CA,93274,5596880821,953
7f80e8f0-8b5a-4e49-8cde-ecf617ec6d31,MARIN GENERAL HOSPITAL,250 BON AIR ROAD  PO BOX 8010,GREENBRAE,CA,94904,4159257900,400
a7ccaae6-252c-43b8-becb-1d152307c37b,NORTHBAY MEDICAL CENTER,1200 B  GALE WILSON BLVD,FAIRFIELD,CA,94533,7076465000,718
f21e1fce-f464-417e-a774-5660337068ff,LAC/HARBOR-UCLA MED CENTER,1000 W CARSON ST,TORRANCE,CA,90502,3102222101,3692
d4669e0e-1e13-4cd9-b9ef-c64b9455f8eb,CITRUS VALLEY MEDICAL CENTER-IC CAMPUS,210 W  SAN BERNARDINO ROAD,COVINA,CA,91723,6268142468,1721
7c6a7cb7-4bc5-4e2c-88e8-7efcc533c65c,HEMET VALLEY MEDICAL CENTER,1117 EAST DEVONSHIRE,HEMET,CA,92543,9516522811,3093
456e6564-4102-4b1e-8bf4-74b97016abdb,COALINGA REGIONAL MEDICAL CENTER,1191 PHELPS AVENUE,COALINGA,CA,93210,5599356400,678
ea86879a-d3c1-4f73-842b-0e037c11bf08,KAISER FOUNDATION HOSPITAL - SOUTH BAY,25825 SOUTH VERMONT AVENUE,HARBOR CITY,CA,90710,3105176441,1178
50c97754-be5d-457d-bc3c-0cac472d9d54,MERCY HOSPITAL OF FOLSOM,1650 CREEKSIDE DRIVE,FOLSOM,CA,95630,9169837400,772
e95959f1-58c6-4423-8b35-965d43ae1b8d,SUTTER COAST HOSPITAL,800 E WASHINGTON BLVD,CRESCENT CITY,CA,95531,7074648880,343
93853e56-21fb-41fa-9a5b-02ddd6c53955,PALO VERDE HOSPITAL,250 NORTH FIRST STREET,BLYTHE,CA,92225,7609224115,270
df82bf9e-6678-49e7-a353-1a1dceaa9a5c,HUNTINGTON MEMORIAL HOSPITAL,100 W  CALIFORNIA BLVD,PASADENA,CA,91109,6263975000,1793
3eb45681-7688-4c87-82e2-93934e4f4397,STANFORD HEALTH CARE,300 PASTEUR DRIVE,STANFORD,CA,94305,6507235708,2820
bea4eec2-4541-4f77-b3a2-ec21fbdcf3a2,MERCY MEDICAL CENTER,333 MERCY AVENUE,MERCED,CA,95340,2095645000,1660
5bcc4d6f-f3a7-43a4-80fc-a2e771fc9c91,ADVENTIST HEALTH BAKERSFIELD,2615 CHESTER AVENUE,BAKERSFIELD,CA,93301,6613953000,4271
68728263-ef0b-454f-9858-fd8798585120,DOCTORS MEDICAL CENTER,1441 FLORIDA AVENUE,MODESTO,CA,95350,2095781211,4354
70e2d673-76be-4df3-b458-83bd457ab76a,MEMORIAL HOSPITAL OF GARDENA,1145 W REDONDO BEACH BLVD,GARDENA,CA,90247,3105324200,7254
b3e9bf88-a75e-4bef-9185-612e8243ce6f,EDEN MEDICAL CENTER,20103 LAKE CHABOT ROAD,CASTRO VALLEY,CA,94546,5105371234,415
e3b7d953-da4a-4b41-82f9-fd6c16372f57,CLOVIS COMMUNITY MEDICAL CENTER,2755 HERNDON AVE,CLOVIS,CA,93611,5593244000,1710
0d9da11a-42b0-4538-9a53-3a7c78ad1a16,JOHN MUIR MEDICAL CENTER - CONCORD CAMPUS,2540 EAST ST,CONCORD,CA,94520,9256828200,1599
ab344fe2-e089-474f-894b-cdcc8c9740d3,SUTTER AUBURN FAITH HOSPITAL,11815 EDUCATION STREET,AUBURN,CA,95603,5308884500,254
0578fd63-7e9c-4d86-b432-426ad7ddcaf9,SCRIPPS MEMORIAL HOSPITAL - ENCINITAS,354 SANTA FE DRIVE,ENCINITAS,CA,92024,7607536501,2254
fc5a0f64-ee88-4160-b2cc-51709fe866e4,KAISER FOUNDATION HOSPITAL,99 MONTECILLO RD,SAN RAFAEL,CA,94903,4154442000,3351
ab435d86-22d2-4f1a-a82e-7405c51d4278,MERCY SAN JUAN MEDICAL CENTER,6501 COYLE AVE,CARMICHAEL,CA,95608,9165375000,2047
ee92d82b-fedc-45f8-8844-d760793b035c,VICTOR VALLEY GLOBAL MEDICAL CENTER,15248 11TH ST,VICTORVILLE,CA,92392,7602458691,3150
2df6984a-852a-43e6-b115-864b4799ea43,SUTTER DELTA MEDICAL CENTER,3901 LONE TREE WAY,ANTIOCH,CA,94509,9257797200,1416
d3453945-62ab-43cb-9766-0a42739993e0,HUNTINGTON BEACH HOSPITAL,17772 BEACH BLVD,HUNTINGTON BEACH,CA,92647,7148435000,1885
bdde986e-8dc6-40ae-82e6-dca21ae528c4,MEMORIAL HOSPITAL LOS BANOS,520 WEST I ST,LOS BANOS,CA,93635,2098260591,468
ba1665c0-84d7-4b6a-8edf-1dab59808f08,JOHN F KENNEDY MEMORIAL HOSPITAL,47111 MONROE STREET,INDIO,CA,92201,7603476191,1312
dfb47643-c29e-4f0a-a554-47e713bfc953,SUTTER DAVIS HOSPITAL,2000 SUTTER PLACE,DAVIS,CA,95616,5307566440,512
94d77d69-b5af-47a3-a3e7-4691baec285d,COLLEGE HOSPITAL COSTA MESA,301 VICTORIA STREET,COSTA MESA,CA,92627,9496422734,1886
8a970801-a5f8-4c93-baa8-2f843f43c1d6,LOS ROBLES HOSPITAL & MEDICAL CENTER,215 W JANSS RD,THOUSAND OAKS,CA,91360,8054972727,4679
5343e538-b339-49ae-bcb9-0a9384b3e65a,LOS ALAMITOS MEDICAL CENTER,3751 KATELLA AVENUE,LOS ALAMITOS,CA,90720,5627993220,1256
e9a83a7e-9e21-4c3c-9d96-9dfdcb5d5390,MISSION HOSPITAL REGIONAL MED CENTER,27700 MEDICAL CENTER RD,MISSION VIEJO,CA,92691,9493641400,4960
c26169cb-7746-40f0-8bdc-df88d7dd535d,MADERA COMMUNITY HOSPITAL,1250 E ALMOND AVE,MADERA,CA,93637,5596755555,1086
4d70f091-9012-4ece-be88-1a203545b98f,FOUNTAIN VALLEY REGIONAL HOSPITAL & MEDICAL CENTER,17100 EUCLID STREET,FOUNTAIN VALLEY,CA,92708,7149667200,537
5f9c0d22-bbf3-45e8-99e2-9844df46d194,EISENHOWER MEDICAL CENTER,39-000 BOB HOPE DRIVE,RANCHO MIRAGE,CA,92270,7603403911,1972
b13cc3ee-297a-44ae-90b8-944641a6f63d,LA PALMA INTERCOMMUNITY HOSPITAL,7901 WALKER STREET,LA PALMA,CA,90623,7146707400,5911
df524599-4f1d-44bf-a975-cc374db3305c,LAKEWOOD REGIONAL MEDICAL CENTER,3700 E SOUTH ST,LAKEWOOD,CA,90712,5626026751,1326
cb774f24-8c92-47b0-bf20-937f09502bca,CHINO VALLEY MEDICAL CENTER,5451 WALNUT AVE,CHINO,CA,91710,9096276111,8020
ed8b8b4a-5d53-4614-99df-07dded9250d9,SAN DIMAS COMMUNITY HOSPITAL,1350 W COVINA BLVD,SAN DIMAS,CA,91773,9095996811,448
a9d2f291-0d2d-4693-a7b3-ee00c46707ca,PLACENTIA LINDA HOSPITAL,1301 N ROSE DRIVE,PLACENTIA,CA,92870,7149932000,1088
16c58ad9-8d64-4d0d-8e2a-532336c3f9ce,SADDLEBACK MEMORIAL MEDICAL CENTER,24451 HEALTH CENTER DRIVE,LAGUNA HILLS,CA,92653,9498374500,4143
5e2f335e-64db-48c3-a3bf-8c4db92bc012,DELANO REGIONAL MEDICAL CENTER,1401 GARCES HIGHWAY,DELANO,CA,93215,6617254800,1337
95ce25ba-c81c-4d7b-a6ec-06201d1ae3c4,ST JOHNS PLEASANT VALLEY HOSPITAL,2309 ANTONIO AVE,CAMARILLO,CA,93010,8053895800,2320
379a1971-9e76-4326-96c7-95c71bd6dd50,HENRY MAYO NEWHALL  HOSPITAL,23845  MCBEAN PKWY,VALENCIA,CA,91355,6612538000,2931
96a2498a-bb40-4dca-8e80-40b79729110c,TWIN CITIES COMMUNITY HOSPITAL,1100 LAS TABLAS RD,TEMPLETON,CA,93465,8054343500,882
77b8dffb-860f-47e8-901c-26fc0a3b289e,POMERADO HOSPITAL,15615 POMERADO ROAD,POWAY,CA,92064,8584856511,1104
2ad67dbc-3129-416c-9afc-fc62d54229e2,MENIFEE VALLEY MEDICAL CENTER,28400 MCCALL B0ULEVARD,SUN CITY,CA,92585,9516798888,138
355959c0-d8e3-438a-beb9-42f8544e66d7,SAINT LOUISE REGIONAL HOSPITAL,9400 NO NAME UNO,GILROY,CA,95020,4088482000,2365
22b76c0d-6fc1-4f40-8537-60ab2f9137eb,SAN RAMON REGIONAL MEDICAL CTR,6001 NORRIS CANYON ROAD,SAN RAMON,CA,94583,9252759200,2648
7a72ae2f-bbc8-4ba9-8fcd-1dd24afd70ab,KAISER FOUNDATION HOSPITAL-SANTA ROSA,401 BICENTENNIAL WAY,SANTA ROSA,CA,95403,7075714000,1753
a089a54b-961a-48b1-953f-070b3343b2ff,SOUTHWEST HEALTHCARE SYSTEM,25500 MEDICAL CENTER DRIVE,MURRIETA,CA,92562,9516966000,28
c1faa086-55b1-479c-8b1a-5c7f3ad3bab5,SUTTER MATERNITY & SURGERY CENTER OF SANTA CRUZ,2900 CHANTICLEER AVENUE,SANTA CRUZ,CA,95065,8314772200,2347
1afac4c1-e182-4ebf-b59a-cbac3dbc6654,KAISER FOUNDATION HOSPITAL - BALDWIN PARK,1011 BALDWIN PARK BLVD,BALDWIN PARK,CA,91706,6268511011,1139
22044e6c-f5b8-4ec1-bef4-9f86af04f48c,WHITTIER HOSPITAL MEDICAL CENTER,9080 COLIMA RD,WHITTIER,CA,90605,5629453561,1754
33f6c2c3-73b2-4c98-a2ef-a78991612a79,MONTEREY PARK HOSPITAL,900 S ATLANTIC BLVD,MONTEREY PARK,CA,91754,6265709000,932
d4b19163-f16a-4339-a30b-f1ba5dda2fbb,GREATER EL MONTE COMMUNITY HOSPITAL,1701 SANTA ANITA AVE,SOUTH EL MONTE,CA,91733,6263507975,2081
2e5706bc-725b-4173-bf0c-89361b3c11b8,CENTINELA HOSPITAL MEDICAL CENTER,555 EAST HARDY STREET,INGLEWOOD,CA,90301,3106734660,28460
d039a8aa-0185-4aae-8cf7-cc56a8ea713a,ORANGE COUNTY GLOBAL MEDICAL CENTER,1001 NORTH TUSTIN AVENUE,SANTA ANA,CA,92705,7149533610,4459
1e97316e-3fbf-4895-82b6-dd3c04bf865c,MENLO PARK SURGICAL HOSPITAL,570 WILLOW ROAD,MENLO PARK,CA,94025,6503248500,348
156a4340-429b-40dd-b6be-40966c4fa035,MONTCLAIR HOSPITAL MEDICAL CENTER,5000 SAN BERNARDINO ST,MONTCLAIR,CA,91763,9096258300,2032
f696ccd3-b9fb-452d-a725-b960dc857207,KAISER FOUNDATION HOSPITAL - ANTIOCH,4501 SAND CREEK ROAD,ANTIOCH,CA,94531,9258136500,582
d393d87f-0166-4130-af50-c29078b29f4f,SUTTER SURGICAL HOSPITAL - NORTH VALLEY,455 PLUMAS BLVD,YUBA CITY,CA,95991,5307495700,1031
7a492f69-9c2d-400d-b113-ccda293aa5a4,KAISER FOUNDATION HOSPITAL - VACAVILLE,1 QUALITY DRIVE,VACAVILLE,CA,95688,7076244000,817
0d87d09b-a1c3-42ca-b7f9-0c35812c5685,HOAG ORTHOPEDIC INSTITUTE,16250 SAND CANYON AVENUE,IRVINE,CA,92618,9497275000,3385
d4496113-e9df-4f60-8871-ea7d4707c1b8,LOMA LINDA UNIVERSITY MEDICAL CENTER-MURRIETA,28062 BAXTER ROAD,MURRIETA,CA,92563,9512904000,2770
4e1da9c8-93a6-412f-9dc7-e9103a8d5f0c,COAST PLAZA HOSPITAL,13100 STUDERBAKER ROAD,NORWALK,CA,90650,3103560550,3251
04e48cd7-da3e-456d-95bd-1ee48c898542,SAN LEANDRO HOSPITAL,13855 E 14TH STREET,SAN LEANDRO,CA,94578,5103576500,4161
af4576e9-37d0-4db6-b94d-e4eff30b0d13,TEMECULA VALLEY HOSPITAL,31700 TEMECULA PKWY,TEMECULA,CA,92592,9513312200,1159
0403a430-1a76-4c16-a994-c837c0a0288d,FOOTHILL REGIONAL MEDICAL CENTER,14662 NEWPORT AVE,TUSTIN,CA,92780,7146197700,2375
beed8655-e0e4-4cd6-aef5-d6915e614103,EASTERN PLUMAS HOSPITAL - PORTOLA CAMPUS,500 FIRST AVENUE,PORTOLA,CA,96122,5308324277,3
197eb64b-16e8-4a9d-8693-f4c00d3c81c9,JOHN C FREMONT HEALTHCARE DISTRICT,5189 HOSPITAL ROAD,MARIPOSA,CA,95338,2099663631,367
2d2f0ead-ec51-4ae9-a6b2-0990788a7f17,TRINITY HOSPITAL,60 EASTER AVENUE,WEAVERVILLE,CA,96093,5306235541,308
639d4059-6bb1-452c-9db6-ab5bf571392c,ST HELENA HOSPITAL-CLEARLAKE,15630 18TH AVE - HWY 53,CLEARLAKE,CA,95422,7079946486,143
0de4c6c8-0e82-454b-b15f-52b05410310b,REDWOOD MEMORIAL HOSPITAL,3300 RENNER DRIVE,FORTUNA,CA,95540,7074458121,139
9135ed52-4552-4209-b9c2-3cd66e264d4b,MERCY MEDICAL CENTER MT SHASTA,914 PINE STREET,MOUNT SHASTA,CA,96067,5309266111,168
c7e51acb-ed8f-489f-9e0e-072dca08c083,HEALDSBURG DISTRICT HOSPITAL,1375 UNIVERSITY AVENUE,HEALDSBURG,CA,95448,7074316500,3087
6dead704-9ac0-499f-8664-68751f30c690,NORTHERN INYO HOSPITAL,150 PIONEER LANE,BISHOP,CA,93514,7608735811,118
023aeef9-c2ea-4c1c-9790-7bf676197946,SENECA DISTRICT HOSPITAL,130 BRENTWOOD DRIVE,CHESTER,CA,96020,5302582121,2963
511c2f84-21c9-4f63-902d-c49ecd907994,SANTA YNEZ VALLEY COTTAGE HOSPITAL,2050 VIBORG RD,SOLVANG,CA,93463,8056886431,51
c20d2e50-3194-4fda-8646-64c62d98e8bc,OJAI VALLEY COMMUNITY HOSPITAL,1306 MARICOPA HWY,OJAI,CA,93023,8056402280,384
b1da06b2-8236-4ec5-a019-539bd28fa576,BEAR VALLEY COMMUNITY HOSPITAL,41870 GARSTIN DR,BIG BEAR LAKE,CA,92315,9098666501,527
ffbf8898-c029-4a9f-ac90-07396bd0cc31,VALLEY CHILDREN'S HOSPITAL,9300 VALLEY CHILDRENS PLACE,MADERA,CA,93636,5593535116,472
1494d29f-a46c-4597-929e-8f91ada059fa,CHILDREN'S HOSPITAL OF ORANGE COUNTY,1201 W LA VETA AVE,ORANGE,CA,92868,7149973000,1377
4a16a4d9-d108-40d8-bab8-65fcdd971ee5,LUCILE SALTER PACKARD CHILDREN'S HSP AT STANFORD,725 WELCH ROAD,PALO ALTO,CA,94304,6504978000,1168
f1d6539c-982c-472a-86cd-73a949feb303,Anaheim,2569 W Woodland Dr,Anaheim,CA,92801,714-763-5300,50
868d4c47-bba5-45f0-92bb-fa65b0a93b54,Gardena Community Based Outpatient Clinic,1149 West 190th Street,Gardena,CA,90248,310-851-4705,28
9c2cff4d-db1b-4505-8d12-2dbae5b6b1f7,Culver City Vet Center,5730 Uplander Way Suite 100,Culver City,CA,90230,310-641-0326 Or 310-641-0326,3
14d430ab-062f-4ddf-bb80-672d5bf5b950,SENDAS NORTHWEST URGENT CARE,3409 CALLOWAY DRIVE,BAKERSFIELD,CA,93312,661-587-2500,4
2f4b9c5f-b256-4395-ac9a-c9ad3117d6a6,COMMUNITY MEMORIAL HEALTH SYSTEMS CENTER FOR FAMILY HEALTH URGENT CARE - OXNARD SAVIERS ROAD,2921 SOUTH SAVIERS ROAD,OXNARD,CA,93033,805-487-5585,8
67cfa9b3-4537-40f2-bcbd-7544db58d430,SUTTER REGIONAL MEDICAL FOUNDATION - FAIRFIELD MEDICAL CAMPUS,2702 LOW COURT,FAIRFIELD,CA,94534,707-426-3911,9
6b2c307c-4634-45b7-977d-64a05dd7f1dc,CLAREMONT PRIMARY CARE URGENT CARE,1601 NORTH MONTE VISTA AVENUE,CLAREMONT,CA,91711,909-865-9777,1
322c1704-29a0-4813-a235-cca1ab8039cb,US HEALTHWORKS MEDICAL GROUP - MILPITAS,1717 SOUTH MAIN STREET,MILPITAS,CA,95035,408-957-5700,2
837924ff-0393-43cc-9e70-0d8728a76b31,CLINICA LA LUNA Y EL SOL,2700 INTERNATIONAL BOULEVARD,OAKLAND,CA,94601,510-534-5600,25
f11baad2-842f-45f5-956d-c53d6d95917c,WEST LOS ANGELES INDUSTRIAL AND URGENT CARE,11645 WILSHIRE BOULEVARD,LOS ANGELES,CA,90025,310-207-3320,4
e8a0c041-e802-42e7-b169-c2c4ed351acd,NOVATO URGENT CARE CENTER,1324 GRANT AVENUE,NOVATO,CA,94945,415-892-3300,9
7fa20b36-a478-4783-8138-1c30baa2cb77,PACIFIC URGENT CARE,1782 WEST HAMMER LANE,STOCKTON,CA,95209,209-475-9500,28
9713b583-faf2-46a8-a4a3-1aa4cfa188c6,ALL CARE FAMILY CLINIC,4635 FREEPORT BOULEVARD,SACRAMENTO,CA,95822,916-457-9879,312
5c20d547-e71c-4156-bc1f-76cce629fb38,CHOWCHILLA MEDICAL CENTER,285 HOSPITAL DRIVE,CHOWCHILLA,CA,93610,559-665-3768,2
61ef98ab-f9de-4e12-bf7d-1e7f292a4fcc,SUPERIOR MULTI SPECIALTY,11600 VENICE BOULEVARD,LOS ANGELES,CA,90066,310-390-9551,452
f62bd8c0-4975-4f59-8d9e-d7caf677c79c,VISALIA INDUSTRIAL MEDICINE,220 SOUTH MOONEY BOULEVARD,VISALIA,CA,93291,559-732-7680,5
a311b0dc-5362-4409-b4d8-305eee52d249,LASSEN MEDICAL GROUP INCORPORATED,2450 SISTER MARY COLUMBA DRIVE,RED BLUFF,CA,96080,530-527-0414,2
9371ffda-efbf-4dac-8059-268df7374427,AFTER HOUR PEDIATRICS URGENT CARE,210 BALDWIN AVENUE,SAN MATEO,CA,94401,650-579-6581,401
fce7af67-b393-4967-9f74-ea4227017f76,PALM OCCUPATIONAL MEDICINE AND WALK IN CLINIC,235 EAST NOBLE AVENUE,VISALIA,CA,93277,559-625-1710,1
06b4253a-0962-4539-be6a-3d20923b918b,PALM OCCUPATIONAL MEDICINE AND WALK IN CLINIC,1070 NORTH CHERRY STREET,TULARE,CA,93274,559-684-7256,4
ec04d422-5de1-40c6-9c16-4a34da12bf10,CONCENTRA URGENT CARE - SAN LEANDRO,2587 MERCED STREET,SAN LEANDRO,CA,94577,510-351-3553,40
64ff5f8f-6693-441d-8661-1de8db31f72e,HARDEN URGENT CARE MEDICAL CENTER,1756 NORTH MAIN STREET,SALINAS,CA,93906,831-443-8200,6
46051f89-4f54-4f37-a748-399940a2d68a,SOUTH COAST FAMILY,25500 RANCHO NIGUEL ROAD,LAGUNA NIGUEL,CA,92677,949-643-0500,3
d241c5d4-d829-4501-adc6-a16d55f3abca,CERES URGENT CARE CENTER,1930 EAST HATCH ROAD,MODESTO,CA,95351,209-531-0552,1
61184be8-3667-4a1b-be5b-657aa3ddf57b,GOULD MEDICAL FOUNDATION - URGENT CARE,600 COFFEE ROAD,MODESTO,CA,95355,209-524-1211,14
ab0323d5-64c1-43d4-85b5-9ec08040a091,MERIDIAN URGENT CARE AND OCCUPATIONAL HEALTH CENTER,18522 OUTER HIGHWAY 18,APPLE VALLEY,CA,92307,760-242-7707,12
d8f41718-90aa-4689-9b8e-925788f256bd,SANTA CRUZ MEDICAL FOUNDATION - WESTSIDE OFFICE,1203 MISSION STREET,SANTA CRUZ,CA,95060,831-458-6300,1
f347d302-27c2-4ea3-acdd-9f36059b0850,PASO ROBLES URGENT CARE,1763 RAMADA DRIVE,PASO ROBLES,CA,93446,805-226-0902,7
0820fc51-87b5-436f-9d13-dfe7819ca46c,CENTRAL AVENUE URGENT CARE CENTER,8891 CENTRAL AVENUE,MONTCLAIR,CA,91763,909-865-9977,9
ae2300ef-5cf4-43c4-a5dc-4a5a1a9830e1,BIG BEAR LAKE URGENT CARE,41949 BIG BEAR BOULEVARD,BIG BEAR LAKE,CA,92315,909-878-3696,1
34c651a4-1220-4735-9ced-6edd5ab84121,AVALON URGENT CARE,58471 29 PALMS HIGHWAY,YUCCA VALLEY,CA,92284,760-365-0851,3
0fb8515b-8d10-4063-b339-2f719e1b50bd,CLINICA MEDICA GENERAL - EL MONTE URGENT CARE,11026 EAST VALLEY MALL,EL MONTE,CA,91731,626-443-4300,8
3e92b985-33e2-4f39-a1db-2118d14aacea,OXNARD AIRPORT URGENT CARE MEDICAL GROUP INCORPORATED,1555 WEST 5TH STREET,OXNARD,CA,93030,805-985-5599,10
32364502-6991-427b-97d6-9d8661f2098f,URGENT CARE CENTER OF SOUTH BAY,4305 TORRANCE BOULEVARD,TORRANCE,CA,90503,310-542-9758,1
a6fea21b-e1e8-4b5f-81b0-a4254deec146,ACCESS FIRST URGENT CARE,1525 WEST FLORIDA AVENUE,HEMET,CA,92543,951-929-6777,13
14ec7237-97b6-4ba1-bef7-ec19207b1016,MAGANS MEDICAL CLINIC OF COVINA URGENT CARE,420 WEST ROWLAND STREET,COVINA,CA,91723,626-251-1400,7
e363ce6a-a80e-44a8-98b3-ebcc01807f69,POMONA VALLEY FAMILY HEALTH CENTER,1770 NORTH ORANGE GROVE AVENUE,POMONA,CA,91767,909-469-9494,20
c01845bb-b388-483d-a401-4faceba0eb45,SUNSET URGENT CARE MEDICAL CLINIC,9201 WEST SUNSET BOULEVARD,WEST HOLLYWOOD,CA,90069,323-271-2744,5
f0528d3a-6257-4940-b818-6716ce29c4d3,PLEASANTON URGENT CARE MEDICAL CLINIC,3128 SANTA RITA ROAD,PLEASANTON,CA,94566,925-462-9300,24
4cf6b3a5-4e3e-4d5b-961d-21f77977b593,LAS ISLAS FAMILY MEDICAL GROUP AND URGENT CARE CENTER,325 WEST CHANNEL ISLANDS BOULEVARD,OXNARD,CA,93033,805-385-8662,4
c6badeb9-c6dd-4cc4-8d20-20292ff53e7a,CARESTATION WALK-IN URGENT CARE,2382 CRENSHAW BOULEVARD,TORRANCE,CA,90501,310-618-9200,8
814d5f04-f94a-4681-bee6-941166e298d4,HEALTH CARE PARTNERS MEDICAL GROUP - HARRIMAN JONES MEDICAL CLINIC - LONG BEACH URGENT CARE CENTER,2600 REDONDO AVENUE,LONG BEACH,CA,90806,562-988-7000,49
6d2ed37d-c42c-4223-b065-610b659e900c,RAPID CARE WALK IN MEDICAL GROUP - BURBANK,1130 WEST OLIVE AVENUE,BURBANK,CA,91506,818-843-8555,8
1dea305c-2e1d-4f45-be8b-3254f1886039,DOCTORS ON DUTY - WATSONVILLE,1505 MAIN STREET,WATSONVILLE,CA,95076,831-722-1444,1
aaaa2f99-0867-4f19-ab36-84362279fa2a,SIERRA URGENT CARE,1037 EAST PALMDALE BOULEVARD,PALMDALE,CA,93550,661-273-9550,13
c933eff7-cce8-4b02-8b1c-da26fc4962b5,US HEALTHWORKS MEDICAL GROUP - CARLSBAD,5810 EL CAMINO REAL,CARLSBAD,CA,92008,760-929-8269,14
b8fb7ba1-d69f-49af-9f61-6888719799bc,CHANNEL ISLAND URGENT CARE,2103 PICKWICK DRIVE,CAMARILLO,CA,93010,805-484-7448,2
6743eb85-3d0f-4aa7-8f74-f01c9cb6b606,MEDICAL CENTER OF MARIN,101 CASA BUENA DRIVE,CORTE MADERA,CA,94925,415-924-4525,82
ae22b742-ce7e-4867-9cf1-07684e7d2043,GARY WIKHOLM DOING BUSINESS AS VALLEY MEDICAL GROUP,247 WEST HARVARD BOULEVARD,SANTA PAULA,CA,93060,805-525-0907,1
e8021617-7d34-4fdf-ba12-4a8ba7492997,HEALTH CARE PARTNERS MEDICAL GROUP - MONTEBELLO URGENT CARE CENTER,2603 VIA CAMPO,MONTEBELLO,CA,90640,323-720-1144,5
4ee9a1f4-571e-4855-af02-de27605cc7c0,PALOS VERDES FAMILY AND IMMEDIATE MEDICAL CARE CENTER,26516 CRENSHAW BOULEVARD,PALOS VERDES PENINSULA,CA,90274,310-541-7911,9
e71dc7e7-f448-47b1-aa12-5fe896626463,GREATER COVINA HEALTHCARE CLINIC AND WHEELCHAIR CENTER,605 EAST BADILLO STREET,COVINA,CA,91723,626-732-9232,9
b3b50054-80ee-4e05-9ce7-719bec4876b7,CALIFORNIA INDUSTRIAL URGENT CARE,8292 EAST TELEGRAPH ROAD,DOWNEY,CA,90240,562-928-5007,5
66e549e3-c076-4c4d-a0da-0aad17bf9e61,DE ANZA URGENT CARE CENTER,1001 BLAIR AVENUE,CALEXICO,CA,92231,760-768-5055,11
12101bdb-2a89-4be2-a7d2-b1367ae47318,QUALITY CARE MEDICAL CENTER,840 TOWNSITE DRIVE,VISTA,CA,92084,760-630-2422,35
d77a51cc-d9d5-487b-b809-db87fad8c871,US HEALTHWORKS MEDICAL GROUP - LA MESA,8090 PARKWAY DRIVE,LA MESA,CA,91942,619-697-3093,24
1083eead-f58b-4d8e-97c5-2c2d5e4bf057,CHILDREN'S URGENT CARE CENTER,215 SOUTH HICKORY STREET,ESCONDIDO,CA,92025,760-739-1543,264
f2a67b0c-66e1-42c3-aa7f-bbd028cdd734,PALM SPRINGS IMMEDIATE CARE,275 NORTH EL CIELO ROAD,PALM SPRINGS,CA,92262,760-320-8814,6
5bf57049-c31c-43dd-acfb-bcc0e800a6ee,CONCENTRA URGENT CARE - FRESNO NORTH,7265 NORTH FIRST STREET,FRESNO,CA,93720,559-431-8181,1
2e9b46ee-f104-408a-990d-acd7d8b32224,GREATER CORONA EXTENDED CARE,500 SOUTH CORONA MALL,CORONA,CA,92879,951-735-9100,345
ba6af8ef-eedf-4441-bd45-c7a24e73d0e8,SHARP REES-STEALY MEDICAL GROUP - CHULA VISTA,525 3RD AVENUE,CHULA VISTA,CA,91910,619-585-4075,41
d05ac3cd-ee80-49f2-8dcb-77e6a094af7a,NOVAK URGENT CARE,80545 UNITED STATES HIGHWAY 111,INDIO,CA,92201,760-347-9221,14
2b617a4e-b846-4a17-a669-a3c2a915c641,CONCENTRA URGENT CARE - FRESNO DOWNTOWN,2610 TUOLUMNE STREET,FRESNO,CA,93721,559-268-0666,591
8715270f-c438-4177-9959-8480b72ee744,SOUTH COUNTY URGENT CARE,1300 AVENIDA VISTA HERMOSA,SAN CLEMENTE,CA,92673,949-218-8050,6
534ddbfa-a5cb-4537-988c-6edc7a9b5ff7,ROSS MEDICAL ASSOCIATES,800 CORPORATE DRIVE,LADERA RANCH,CA,92694,949-364-9112,4
071dfb57-e99f-4397-8a5d-8d3f30608eca,DOCTOR MIKES WALK IN CLINIC,15626 HESPERIA ROAD,VICTORVILLE,CA,92395,760-952-0244,14
d2a3f363-471f-49b7-ad1a-967356b3427f,GLENDORA URGENT CARE CENTER,2025 EAST STATE ROUTE 66,GLENDORA,CA,91740,626-852-4977,15
a0e2cbca-3d5c-4173-b377-c4854811b4fe,COMMUNITY MEDICAL CENTER - OAKHURST,48677 VICTORIA LANE,OAKHURST,CA,93644,559-683-2992,1
85481189-7dd2-4b79-b7be-159748195e5d,TALBERT MEDICAL GROUP WALK-IN CENTER - TUSTIN,13152 NEWPORT AVENUE,TUSTIN,CA,92780,714-442-4864,48
9027a7b3-f8a7-41a6-9154-81b2ad239438,LA CLINICA NORTH VALLEJO,220 HOSPITAL DRIVE,VALLEJO,CA,94589,707-641-1900,15
1ddd0faf-8c7e-418a-bdee-4f54d7ab6cd4,US HEALTHWORKS MEDICAL GROUP - ROCKLIN,2305 SUNSET BOULEVARD,ROCKLIN,CA,95765,916-632-9606,9
b1e57bd9-8703-4e55-bec0-3e825751d380,VERDUGO HILLS MEDICAL ASSOCIATES,544 NORTH GLENDALE AVENUE,GLENDALE,CA,91206,818-241-4331,26
a78419b8-35b1-4559-af0b-a8789002d3e2,MEMORIAL PROMPT CARE - HUNTINGTON BEACH,18561 BEACH BOULEVARD,HUNTINGTON BEACH,CA,92648,714-848-0080,19
5e04133d-dfa2-483e-8063-2edc824d2928,PINNACLE URGENT CARE,551 MCCRAY STREET,HOLLISTER,CA,95023,831-634-4444,1
d622c3ae-539b-4044-92ee-5bcd42dd793f,REGAL MEDICAL GROUP ERGENTCARE CENTER,117 EAST LIVE OAK AVENUE,ARCADIA,CA,91006,626-446-8492,22
40cca019-1c29-4aba-9cc8-922b00f75004,SOLANO CARE,600 NUT TREE ROAD,VACAVILLE,CA,95687,707-449-6373,2
55ab5a07-b230-4bc4-ae4a-1591a80e0100,BRENTWOOD URGENT CARE CENTER,2400 BALFOUR ROAD,BRENTWOOD,CA,94513,925-308-8111,3
68e19554-7b47-497e-b312-b72b03e6d49a,CARESTATION - DEL AMO,21311 MADRONA AVENUE,TORRANCE,CA,90503,310-792-4444,5
516a9935-0187-4e33-9d6f-c570e86c90cd,ATWATER MEDICAL GROUP,1775 3RD STREET,ATWATER,CA,95301,209-358-5611,2
d549e76b-1f4c-4e69-b981-4cd2b07cb1eb,IMMEDIATE CARE MEDICAL CENTER,5875 CLARK ROAD,PARADISE,CA,95969,530-877-5433,4
5e56e88b-24b6-4ccb-9320-bfa97a135d66,DOCTORS CENTER MEDICAL GROUP,4948 SAN JUAN AVENUE,FAIR OAKS,CA,95628,916-966-6287,16
f77a6fc6-6bec-4bf6-9098-8af790d8e474,US HEALTHWORKS MEDICAL GROUP - COMPTON,2499 SOUTH WILMINGTON AVENUE,COMPTON,CA,90220,310-638-8042,226
18c1e68a-b500-47e3-9421-a73ae2a16bcc,PARK AVENUE WALK IN CLINIC,2600 PARK AVENUE,CONCORD,CA,94520,925-825-8181,9
4cb14197-e9f0-4238-98ad-5f35386df0ba,CARESTATION - MANHATTAN BEACH,1010 NORTH SEPULVEDA BOULEVARD,MANHATTAN BEACH,CA,90266,310-376-6262,2
9349b693-a0cf-4a93-a523-1756a87f427f,BLACKHAWK MEDICAL CENTER,2455 SAN RAMON VALLEY BOULEVARD,SAN RAMON,CA,94583,925-552-1000,5
95e0ca37-3323-48be-b40c-1845c14384f6,JOHN MUIR MEDICAL GROUP URGENT CARE,1455 MONTEGO,WALNUT CREEK,CA,94598,925-939-4444,1
4adb1195-4534-435f-86ac-ab50987b33fd,MEDICAL CENTER MEDICAL CLINIC,6651 MADISON AVENUE,CARMICHAEL,CA,95608,916-965-1111,2
d7760b8c-eef4-41d0-b277-25cf85b72313,CENTRAL VALLEY COMPREHENSIVE - URGENT CARE,869 WEST LACEY BOULEVARD,HANFORD,CA,93230,559-582-9313,8
afb7376d-4286-4905-93d7-cac86639067c,CARESTATION - REDONDO BEACH,520 NORTH PROSPECT AVENUE,REDONDO BEACH,CA,90277,310-318-9992,17
f1b2263b-d016-40f1-ab03-c38a40a9a500,CLOVIS URGENT CARE MEDICAL CENTER,1555 SHAW AVENUE,CLOVIS,CA,93611,559-294-1162,10
8b2fbfc9-e32c-456f-904e-ff4177e923d1,CULVER FAMILY AND URGENT CARE MEDICAL CENTER,10732 JEFFERSON BOULEVARD,CULVER CITY,CA,90230,310-559-7311,501
7722ac2f-e81e-4f9b-9c75-feb15f8a3d36,EAST COUNTY URGENT CARE - LEMON GROVE,7586 BROADWAY,LEMON GROVE,CA,91945,619-469-9350,5
09370934-c03e-4fe8-b2f7-855dcb1a93da,LAGUNA EXTENDED HOURS,8170 LAGUNA BOULEVARD,ELK GROVE,CA,95758,916-691-5900,12
5282836e-382f-4856-995f-e7194965d32c,MARINER MEDICAL CENTER,1241 EAST HILLSDALE BOULEVARD,FOSTER CITY,CA,94404,650-570-2299,9
68204e71-46d1-45dc-8445-a15be8f7b3b8,SAINT JOSEPH URGENT CARE - FULTON CAMPUS,1287 FULTON ROAD,SANTA ROSA,CA,95401,707-543-2000,300
106b0c53-e4ab-4c51-900a-6b052e092393,URGENT CARE CENTER OF FOLSOM,1600 CREEKSIDE DRIVE,FOLSOM,CA,95630,916-984-8244,2
0609af60-a9d9-47c4-8266-b6d5f89f5c36,DANA POINT URGENT CARE,24582 DEL PRADO,DANA POINT,CA,92629,949-493-7777,2
72c0ddc6-ec16-4d7e-9799-9b3e6bcc98ef,SOUTH COAST MEDICAL GROUP,26700 TOWNE CENTRE DRIVE,FOOT HILL RANCH,CA,92610,949-460-9111,3
83b9a88a-e4fe-43d7-9797-2c9704ca6d01,US HEALTHWORKS MEDICAL GROUP - CHULA VISTA,1111 BROADWAY,CHULA VISTA,CA,91911,619-425-8212,5
7742d9a1-238b-406a-a79f-90e20171a1af,GATEWAY MEDICAL GROUP - URGENT CARE,1303 NORTH EUCLID STREET,ANAHEIM,CA,92801,714-778-3838,4
69ef3e09-4373-4f93-8c2e-3c2ec8fe18d7,CLINICA MEDICA GENERAL - SANTA ANA,505 NORTH MAIN STREET,SANTA ANA,CA,92701,714-567-0101,22
1bd7e132-9383-4fd3-a99f-9760d2f0fe2f,CASSIDY MEDICAL GROUP,145 THUNDER DRIVE,VISTA,CA,92083,760-941-2060,11
9f0fb649-08e6-47b8-9765-51c98efb250c,MEDICAL STOP URGENT CARE SERVICES,283 MADONNA ROAD,SAN LUIS OBISPO,CA,93405,805-549-8880,1
13e198b9-a002-417b-855b-e73376b08c68,US HEALTHWORKS MEDICAL GROUP - POMONA,801 CORPORATE CENTER DRIVE,POMONA,CA,91768,909-623-1954,5
bfb7ef6e-f1fb-485e-a746-0f65f6be3297,WASHINGTON TOWNSHIP MEDICAL GROUP,46690 MOHAVE DRIVE,FREMONT,CA,94539,510-651-2371,12
4e1f349f-353b-45d1-9117-b4b0909cfd44,US HEALTHWORKS MEDICAL GROUP - NATIONAL CITY,102 MILE OF CARS WAY,NATIONAL CITY,CA,91950,619-474-9211,15
c8fe6808-c22e-4b1f-b2cd-4f6e82acd32d,US HEALTHWORKS MEDICAL GROUP - BERKELEY,2850 7TH STREET,BERKELEY,CA,94710,510-845-5170,22
6001d2a7-326f-4ebd-89a1-5cdf7e72b0ba,WEST SIDE URGENT CARE,101 ADKISSON WAY,TAFT,CA,93268,661-765-1935,1
5791a5f1-d5f1-4490-8414-b2ba4b7b98cc,SADDLEBACK FAMILY AND URGENT CARE CENTER,23962 ALICIA PARKWAY,MISSION VIEJO,CA,92691,949-452-7699,20
cf9a5870-54c5-419d-ab56-e38d2b3b6d59,GRAYBILL MEDICAL GROUP,1595 GRAND AVENUE,SAN MARCOS,CA,92078,760-471-2273,14
26259f52-aec5-4676-bd2a-a61c7286cafe,HOMELESS HEALTH CARE,234 BAKER STREET,BAKERSFIELD,CA,93305,661-322-7580,87
eada0db1-6114-46d1-9c1c-b0f918a3c8b5,IMMEDIATE MEDICAL CENTER OF COMMERCE,6538 TELEGRAPH ROAD,COMMERCE,CA,90040,323-726-3212,1
07b2ddd7-2888-48fc-b21c-0b3311be3351,CUESTA FAMILY MEDICAL CENTER,5920 WEST MALL ROAD,ATASCADERO,CA,93422,805-466-0676,1
71cc30fd-0a06-41dc-b343-51306fc451ee,US HEALTHWORKS MEDICAL GROUP - SANTEE,9745 PROSPECT AVENUE,SANTEE,CA,92071,619-448-4841,111
ba62fa8d-d9ed-4c50-baec-ef212d8b1eb3,RIVERSIDE NEIGHBORHOOD FAMILY URGENT CARE,7140 INDIANA AVENUE,RIVERSIDE,CA,92504,951-358-6000,6
56788037-c0ef-4be6-ba4c-2e174f000651,EXCELCARE IMMEDIATE CARE CENTER,3419 BROADWAY STREET,AMERICAN CANYON,CA,94503,707-645-7229,65
536c2e08-ef88-4003-8d76-2e7d97c9e4fc,SUNSET URGENT CARE,3689 EUREKA WAY,REDDING,CA,96001,530-247-4211,11
da41434f-0c60-45a3-a94e-0930ba4ad00a,SANTA CLARA URGENT CARE,1825 CIVIC CENTER DRIVE,SANTA CLARA,CA,95050,408-985-2401,141
14403e2a-3489-4bdb-826f-051a7d95475f,WALK IN MEDICAL CARE,18326 PIONEER BOULEVARD,ARTESIA,CA,90701,562-860-5599,28
5861b292-ce76-48d1-a713-9eff0a7747f6,MILPAS MEDICAL CLINIC,816 NORTH MILPAS STREET,SANTA BARBARA,CA,93103,805-965-8284,19
65c88cc9-773c-4230-b584-a8f535185a3f,SUNRISE HEALTHCARE CENTER LIMITED LIABILITY COMPANY,5475 EAST LA PALMA AVENUE,ANAHEIM,CA,92807,714-970-0911,121
2241e68e-44ef-4990-8f42-4d691abd479d,THOUSAND OAKS URGENT CARE,620 EAST JANSS ROAD,THOUSAND OAKS,CA,91360,805-495-6866,27
1fa0047d-2c98-4083-ad29-69518278a6fb,UNIVERSAL CARE MEDICAL GROUP - URGENT CARE,12751 HARBOR BOULEVARD,GARDEN GROVE,CA,92840,714-636-7852,104
58e7d509-f722-4f87-b0c1-53f461df1a24,VENTURA URGENT CARE CENTER,5725 RALSTON STREET,VENTURA,CA,93003,805-656-6585,16
be048841-90cf-4f31-8c3f-49063408989f,SAND CANYON URGENT CARE,16100 SAND CANYON AVENUE,IRVINE,CA,92618,949-417-0272,26
3f7ebe32-e723-4279-acf2-949bc116b64b,SEQUOIA FAMILY MEDICAL CENTER,590 WEST PUTNAM AVENUE,PORTERVILLE,CA,93257,559-781-3700,1
60f018b5-73b4-423d-bc1c-55ef4ad036b9,SUTTER WEST URGENT CARE,2020 SUTTER PLACE,DAVIS,CA,95616,530-750-5830,10
6398904b-3029-4f96-beaa-702aa28c12b5,AFATO MEDICAL CORPORATION,1429 COLUSA HIGHWAY,YUBA CITY,CA,95993,530-755-3218,6
9e089bfe-9164-4dbe-95d4-976e6fbae208,CONCENTRA MEDICAL CENTER - LA PALMA,26 CENTERPOINTE DRIVE,LA PALMA,CA,90623,714-522-8020,105
c7ee1f39-eb00-4382-8d29-21af7651fbc4,A FAMILES URGENT CARE,2644 M STREET,MERCED,CA,95340,209-722-5308,7
2c6beae9-ab6a-43a1-8ace-ecbe6c854c33,COMMUNITY MEMORIAL HEALTH SYSTEMS CENTER FOR FAMILY HEALTH URGENT CARE - CAMARILLO,422 ARNEILL ROAD,CAMARILLO,CA,93010,805-383-4520,1
df033929-28eb-4b3e-a7df-cbc630acc954,WEST COVINA PLAZA URGENT CARE CENTER,1500 WEST WEST COVINA PARKWAY,WEST COVINA,CA,91790,626-430-9996,9
1a3f9f88-7506-4e4a-95bb-0c9816b7eedc,SOUTH COAST MEDICAL GROUP / MISSION HEALTH AND URGENT CARE,5 JOURNEY,ALISO VIEJO,CA,92656,949-360-1069,5
3c91e63f-4ea5-4e8e-a864-1392a08832aa,CAMARENA HEALTH CENTER URGENT CARE,201 SOUTH B STREET,MADERA,CA,93638,559-664-4000,6
ee767832-de24-4ba7-9d85-a5e7981027aa,FAMILY HEALTH CARE NETWORK,12586 AVENUE 408,OROSI,CA,93647,559-528-2804,9
1da33a4d-a61c-4e97-99d6-26a336057678,HEALTH FIRST MEDICAL GROUP - URGENT CARE,11817 EAST TELEGRAPH ROAD,SANTA FE SPRINGS,CA,90670,562-949-9328,22
c3ac9687-1433-4ebe-b458-ef9279a0b9a5,CONCENTRA URGENT CARE - ONTARIO,1101 SOUTH MILLIKEN AVENUE,ONTARIO,CA,91761,909-390-2799,3
37a65930-e127-4a65-9aee-5184a651be9e,DV URGENT CARE,7777 MILLIKEN AVENUE,RANCHO CUCAMONGA,CA,91730,909-948-8050,13
a565bbe0-562f-49a0-93b8-1bc185f82852,US HEALTHWORKS MEDICAL GROUP - SAN FRANCISCO,192 BEACON STREET,SOUTH SAN FRANCISCO,CA,94080,650-589-6500,32
eb19dbdd-41bf-4aa0-9fcb-07206db82935,CENTINELA MEDICAL CENTER,15603 HAWTHORNE BOULEVARD,LAWNDALE,CA,90260,310-644-4488,22
910a0261-6ace-46fc-9904-1fb60301155a,SAINT JOSEPH HEALTH SYSTEM - ROHNERT PARK HEALTH CARE CENTER,1450 MEDICAL CENTER DRIVE,ROHNERT PARK,CA,94928,707-584-0672,7
e77ea565-d41f-44b9-b6d8-f031a8d0a780,CENTER FOR HEALTHCARE - URGENT CARE,15611 POMERADO ROAD,POWAY,CA,92064,858-675-3200,24
fab94958-c3ca-4b3f-8d61-27af5a45c286,US HEALTHWORKS MEDICAL GROUP - SAN JOSE,1893 MONTEREY ROAD,SAN JOSE,CA,95112,408-288-3800,430
f609d155-a891-433b-ba14-17fca69650e1,US HEALTHWORKS MEDICAL GROUP - STOCKTON,3663 EAST ARCH ROAD,STOCKTON,CA,95215,209-943-2202,17
108c286c-a45b-4490-9fce-d91ce9098bec,SUTTER TERRA LINDA URGENT CARE,4000 CIVIC CENTER DRIVE,SAN RAFAEL,CA,94903,415-492-4800,16
26d15c89-416d-4270-a284-19afd28a48ae,CONCENTRA URGENT CARE - RICHMOND,2970 HILLTOP MALL ROAD,RICHMOND,CA,94806,510-222-8000,8
f099d7c5-bedc-4d2c-ac94-aaffe5182bee,MEMORIAL URGENT CARE CENTER,3838 SAN DIMAS STREET,BAKERSFIELD,CA,93301,661-326-8985,165
5d8cb8a7-bb14-4c18-84db-ab44c815954c,SANTA CRUZ MEDICAL FOUNDATION - SANTA CRUZ,2025 SOQUEL AVENUE,SANTA CRUZ,CA,95062,831-458-5537,202
9b15ed7a-0705-440d-b6a3-c05f5814924f,APEX URGENT CARE,851 EAST 6TH STREET,BEAUMONT,CA,92223,951-845-2294,27
b47a378e-8731-4917-9f61-8fd8bfc03306,FREMONT URGENT CARE CENTER,3161 WALNUT AVENUE,FREMONT,CA,94538,510-796-1000,10
6418bedd-8e50-4401-af81-dfed509ed1b6,WEST POINT MEDICAL CENTER,7798 CHERRY AVENUE,FONTANA,CA,92336,909-355-1296,12
a1e447f9-8a27-4a30-99b0-f3d9b70261a0,CLINICA MEDICA LATINA DE MORENO VALLEY,24805 ALESSANDRO BOULEVARD,MORENO VALLEY,CA,92553,951-601-6618,37
726eddc3-28e1-43e8-b636-9cad47db1666,CROWN CITY MEDICAL GROUP,3208 SANTA ANITA AVENUE,EL MONTE,CA,91733,626-575-8920,4
f8c91083-6665-4b9e-9c88-6cd46fc8d0a3,TOTAL CARE URGENT CARE - MURRIETA,24703 MONROE AVENUE,MURRIETA,CA,92562,951-698-8098,2
667e4c4a-5a1b-4c3c-af99-f5a40c44b445,SETHIAN MEDICAL CLINIC,1028 NORTH LAKE AVENUE,PASADENA,CA,91104,626-797-3378,7
7b2187fe-1a08-4c7c-b860-c662c375366f,CLINICA MEDICA HISPANA,14906 PARAMOUNT BOULEVARD,PARAMOUNT,CA,90723,562-630-1991,14
45ff2ee8-aa8f-4a19-92ca-311dbc03e6b7,DYERS URGENT CARE,23961 CALLE DE LA MAGDALENA,LAGUNA HILLS,CA,92653,949-206-4633,12
8367baae-590d-4f03-813a-a3738d2c8f4b,MED CENTER URGENT CARE,271 NORTH FAIRVIEW AVENUE,GOLETA,CA,93117,805-681-7411,138
0666ba33-cdc0-44f5-bee6-1cd1dbfb34ba,SISKIYOU MEDICAL GROUP,824 PINE STREET,MOUNT SHASTA,CA,96067,530-926-4528,1
b24dd434-ee78-471e-9ef7-ce8b15af392e,ELSINORE FAMILY URGENT CARE,506 WEST GRAHAM AVENUE,LAKE ELSINORE,CA,92530,951-471-5116,1
703b522f-0a10-4633-a6fe-6bcc38fbd50d,JAY FERNS FAMILY PRACTICE AND URGENT CARE,29738 RANCHO CALIFORNIA ROAD,TEMECULA,CA,92591,951-308-1822,9
912a54ed-651a-41ee-a639-fce269c338f3,FAMILY URGENT CARE,29851 AVENTURA,RANCHO SANTA MARGARITA,CA,92688,949-713-5928,23
fe22cb22-4fbe-4901-bd73-9a8dc9379199,MAYWOOD MEDICAL CLINIC,4316 SLAUSON AVENUE,MAYWOOD,CA,90270,323-773-2020,13
3b0f3984-dce2-47ee-a3df-312f13ddf74b,PINNACLE URGENT CARE,947 EAST BLANCO ROAD,SALINAS,CA,93901,831-422-5555,14
993969d6-037a-4594-b38f-1aba2d0e4588,NEWPORT WALK-IN,2075 SAN JOAQUIN HILLS ROAD,NEWPORT BEACH,CA,92660,949-760-9222,9
ea814860-7b3e-4344-a0e0-9a3cfe3f5b0d,SEASIDE IMMEDIATE MEDICAL AND FAMILY CARE,1534 FREMONT BOULEVARD,SEASIDE,CA,93955,831-394-6642,3
42b38821-c7e5-4a95-be91-80e05bacbe3f,IMMEDIATE MEDICAL CENTER OF LA MIRADA,15330 VALLEY VIEW AVENUE,LA MIRADA,CA,90638,562-802-0208,1
155dec4d-740c-4c55-a6fc-9bd82b079252,US HEALTHWORKS MEDICAL GROUP - SAN LEANDRO,13939 EAST 14TH STREET,SAN LEANDRO,CA,94578,510-343-8300,21
d47f86f0-cc8b-498d-90cd-674cba9fdcb2,VALLEY INFANT PEDIATRIC COMPLETE FAMILY CARE,1359 WEST AVENUE J,LANCASTER,CA,93534,661-726-5000,16
f8b99e63-6cc4-4076-b8c1-68561211c4da,IMMEDIATE CARE,2905 SOUTH EL CAMINO REAL,SAN MATEO,CA,94403,650-570-2273,386
64af7d1d-7718-4995-b722-85456f9718fa,US HEALTHWORKS MEDICAL GROUP - SAN DIEGO KEARNY MESA,5575 RUFFIN ROAD,SAN DIEGO,CA,92123,858-277-2744,499
916faff0-519e-4b0f-b1b8-243544320f7c,US HEALTHWORKS MEDICAL GROUP - SACRAMENTO DOWNTOWN,1675 ALHAMBRA BOULEVARD,SACRAMENTO,CA,95816,916-451-4580,23
71f91289-94f6-44f1-9ce3-e12c44b12ad2,CARE PRACTICE,508A 14TH STREET,SAN FRANCISCO,CA,94103,415-864-4444,1
131313d2-6092-4315-964f-ae96ac05946e,AMADOR VALLEY MEDICAL CENTER,7667 AMADOR VALLEY BOULEVARD,DUBLIN,CA,94568,925-828-9211,37
fe3c88d5-8af5-4723-87f3-ca96c0dfac98,TAHOE URGENT CARE,2130 LAKE TAHOE BOULEVARD,SOUTH LAKE TAHOE,CA,96150,530-541-3277,3
f9dd2aee-86db-4ff5-a2fd-a4d7a654682f,CONCENTRA MEDICAL CENTER - PLACENTIA,640 SOUTH PLACENTIA AVENUE,PLACENTIA,CA,92870,714-579-7772,3
7c51bd91-cfee-455b-99f1-80d13e47b22f,CONVENIENT CARE HEALTH CENTER,670 RIO LINDO AVENUE,CHICO,CA,95926,530-342-2273,4
7ab22afd-9d74-4a7e-a1af-76f22ab19653,CASTILLO MEDICAL CLINIC,126 AVOCADO AVENUE,PERRIS,CA,92571,951-943-7212,16
b24ecdd9-66f4-452b-a1e6-cb3ca81a5a9c,WASHINGTON CLINIC - FREMONT,2500 MOWRY AVENUE,FREMONT,CA,94538,510-608-6174,22
64c14fa8-00b1-4ccc-a6e9-32a1eb2d3026,SLEEPY HOLLOW MEDICAL GROUP,364 OCEAN AVENUE,LAGUNA BEACH,CA,92651,949-494-3740,1
bc2dcdf0-8cc2-4d59-9a39-18251f82a342,SIMI HEALTH CENTER,1350 EAST LOS ANGELES AVENUE,SIMI VALLEY,CA,93065,805-522-3782,3
28cbf0a3-7561-4d89-958f-87bb79293c48,DOCTORS ON DUTY - APTOS,6800 SOQUEL DRIVE,APTOS,CA,95003,831-662-3611,1
c9084c5a-4587-4535-961d-1f3cbc9547d8,SANSUM CLINIC - CARPINTERIA,4806 CARPINTERIA AVENUE,CARPINTERIA,CA,93013,805-566-5080,10
5dca8970-ed64-4a4e-a04d-bacdf647e795,US HEALTHWORKS MEDICAL GROUP - COLTON,850 EAST WASHINGTON STREET,COLTON,CA,92324,909-370-0572,11
ce2f6121-d13a-4927-8eb6-1cb80a8a4c8c,US HEALTHWORKS MEDICAL GROUP - COMMERCE,3430 SOUTH GARFIELD AVENUE,COMMERCE,CA,90040,323-722-8481,2
0e7bcfcf-52b3-4060-88a0-82402a217619,US HEALTHWORKS MEDICAL GROUP - EL MONTE,9350 FLAIR DRIVE,EL MONTE,CA,91731,626-407-0300,2
706162ee-fcef-4cfe-a77f-5d5a70b1f349,EVERYDAY FAMILY SURGICAL MEDICAL GROUP,3270 CHURN CREEK ROAD,REDDING,CA,96002,530-222-6886,139
3d5be305-2d07-4546-a780-fc3a4cadbd7a,CENTRAL COAST URGENT CARE,340 EAST BETTERAVIA ROAD,SANTA MARIA,CA,93454,805-922-0561,9
4e932f89-7e9b-43ef-bd62-a9c8f82cea1d,HILLTOP MEDICAL CLINIC,1093 HILLTOP DRIVE,REDDING,CA,96003,530-221-1565,5
7f10c745-f9e9-476a-8be7-00ac457f5832,SAINT JOSEPHS IMMEDIATE CARE,1801 EAST MARCH LANE,STOCKTON,CA,95210,209-954-3100,19
cf81fe9e-2256-48c5-a3f2-678b25842d37,FAMILY HEALTH CARE NETWORK,1107 WEST POPLAR AVENUE,PORTERVILLE,CA,93257,559-781-7242,6
09b41c6a-e054-4aff-b4f3-87f51aedeb2d,SANSUM CLINIC - LOMPOC FAMILY PRACTICE AND SPECIALTY CARE,1225 NORTH H STREET,LOMPOC,CA,93436,805-737-8786,2
10787b33-f232-46ad-9843-a1b98f06000a,MARIAN URGENT CARE,505 PLAZA DRIVE,SANTA MARIA,CA,93454,805-739-3820,3
0a37c4da-0a49-4e4f-8a43-0f823dc4977d,SAN JOSE MEDICAL GROUP,625 LINCOLN AVENUE,SAN JOSE,CA,95126,408-278-3000,165
b80dfe77-cac3-4d85-b07f-566f39c73bae,SARATOGA WALK-IN CLINIC,12224 SARATOGA SUNNYVALE ROAD,SARATOGA,CA,95070,408-446-4774,3
3a95030e-7bfd-443f-bf71-e22d78db1275,FAMILY HEALTH CARE,2557 CHINO HILLS PARKWAY,CHINO HILLS,CA,91709,909-393-4334,9
e19f214c-740a-4ada-917a-8cedbdad9478,CAMINO MEDICAL GROUP URGENT CARE CENTER,701 EAST EL CAMINO REAL,MOUNTAIN VIEW,CA,94040,408-730-4251,27
eaae727f-bdab-4d20-9e45-9cf0099b03af,SUTTER COAST HEALTH CENTER,785 EAST WASHINGTON BOULEVARD,CRESCENT CITY,CA,95531,707-464-8818,12
627becfc-ac6d-4364-b1a0-c409b40f3941,CONCENTRA URGENT CARE - SANTA ROSA,1221 NORTH DUTTON AVENUE,SANTA ROSA,CA,95401,707-543-8360,9
653b153c-8d43-4193-8269-adcf6e67f928,SIERRA SAN ANTONIO URGENT CARE,16465 SIERRA LAKES PARKWAY,FONTANA,CA,92336,909-434-1150,4
e1bd0fb0-9aa8-4abc-95b5-08aa8c6f9abd,CHINO MEDICAL GROUP,5475 WALNUT AVENUE,CHINO,CA,91710,909-591-6446,8
d09bace2-218f-4517-8253-fb1f4ca18673,URGENT CARE MEDICAL CLINIC,14282 AMAR ROAD,LA PUENTE,CA,91746,626-917-4481,7
43d37a92-6d73-4589-a1a2-f707f19c8efc,AFTER HOURS MEDICAL GROUP,9200 COLIMA ROAD,WHITTIER,CA,90605,562-945-2128,349
28a81a7d-abc9-480f-b903-6c38dbd726cc,LODI MEMORIAL HOSPITAL - HAM LANE URGENT CARE,1235 WEST VINE STREET,LODI,CA,95240,209-339-7600,4
783c456b-7a11-48b9-bb9b-c5a4f1279311,MED 7 URGENT CARE - FOLSOM,2350 EAST BIDWELL STREET,FOLSOM,CA,95630,916-920-6337,2
0cf75128-15ee-4af2-a9f2-6d0e6eab55b6,FAMILY CARE CENTER,1190 BAKER STREET,COSTA MESA,CA,92626,714-668-2500,4
27b6f3db-cbf5-46ef-8b60-49cdcef10a52,YUBA DOCS MEDICAL GROUP,2090 NEVADA CITY HIGHWAY,GRASS VALLEY,CA,95945,530-274-5020,2
dacb4653-fe69-4074-a7b9-591528ccd10e,DOCTOR MIKES WALK IN CLINIC,716 EAST MAIN STREET,BARSTOW,CA,92311,760-256-6426,4
86589ff9-75db-4f7d-b97c-d70615713be2,MULTI HEALTH CARE MEDICAL GROUP,3175 FIRESTONE BOULEVARD,SOUTH GATE,CA,90280,323-567-8910,26
e5c9cea9-a0f5-45a2-9418-8178d222e8bc,URGENT CARE AMERICA MEDICAL CLINIC INCORPORATED,13470 TELEGRAPH ROAD,WHITTIER,CA,90605,562-906-7766,13
75080550-6e52-4430-bbd9-b048de0b9ea4,FRIENDLY MEDICAL CENTER,15462 MAIN STREET,HESPERIA,CA,92345,760-949-7000,3
e84e4078-2542-4c9e-9291-df9b4fb9477b,INDUSTRIAL HEALTH CARE - URGENT CARE,1850 WHITSON STREET,SELMA,CA,93662,559-896-1414,8
07234eb9-9ecf-4d2e-b0f7-9d6d113fc0fc,LOMA LINDA UNIVERSITY MEDICAL CENTER - EAST CAMPUS - URGENT CARE,25333 BARTON ROAD,LOMA LINDA,CA,92354,909-558-6644,7
c88093d4-f137-4716-9bae-e25eaf8045ef,EISENHOWER EXPRESS CLINIC - INDIAN WELLS,74785 STATE HIGHWAY 111,INDIAN WELLS,CA,92210,760-837-8953,9
ab0a468d-8bca-403d-8714-aff71160656d,VICTORY PHYSICIANS,1199 NORTH INDIAN CANYON DRIVE,PALM SPRINGS,CA,92262,760-327-8755,1
7f325226-892b-4191-a090-528fd0b17f60,IMMEDIATE MEDICAL CARE CENTER - LAKEWOOD,5203 LAKEWOOD BOULEVARD,LAKEWOOD,CA,90712,562-633-2273,7
5d3ea748-c5ee-43f2-8fc2-3663b077fbaf,RIVERSIDE MEDICAL CLINIC URGENT CARE - CANYON SPRINGS,6405 DAY STREET,RIVERSIDE,CA,92507,951-697-5454,46
a2b94ef7-84ec-4a88-b756-7ff76d22ceb2,SYLMAR MEDICAL CENTER,14124 FOOTHILL BOULEVARD,SYLMAR,CA,91342,818-367-1012,1
6e092418-523e-4e10-9d65-bc84d13a584e,SAN JACINTO URGENT CARE,1695 SOUTH SAN JACINTO AVENUE,SAN JACINTO,CA,92583,951-665-1440,3
a1a85dc6-f767-4cdc-81d5-69dd7bce3041,PREMIER URGENT CARE - SUN CITY,29798 HAUN ROAD,SUN CITY,CA,92584,951-679-9700,19
a00d06a3-8c5d-41b2-94ad-f1f2aecacd47,MEMORIAL PROMPT CARE - WESTMINSTER,15464 GOLDENWEST STREET,WESTMINSTER,CA,92683,714-891-9008,200
e7680ba9-0894-4ac9-82bb-0687375cfdcb,INLAND URGENT CARE - WILDOMAR,36320 INLAND VALLEY DRIVE,WILDOMAR,CA,92595,951-600-0110,5
e74d7136-c42a-44ce-b40e-629a552cdcbc,GATEWAY FAMILY MEDICAL CENTER,1580 WINCHESTER BOULEVARD,CAMPBELL,CA,95008,408-364-7600,1
fcabc5f3-c6fd-46fa-a2b0-e6c3662c96cd,FIRST CARE WALK IN MEDICAL GROUP,22840 SOLEDAD CANYON ROAD,SAUGUS,CA,91350,661-799-1776,42
6fb7a1af-260f-4239-9af2-0859864d4152,PALO ALTO MEDICAL CLINIC,795 EL CAMINO REAL,PALO ALTO,CA,94301,650-853-2959,180
5240629e-ddff-4223-9c54-a8f22b873433,CONCENTRA URGENT CARE - ROHNERT PARK,6174 STATE FARM DRIVE,ROHNERT PARK,CA,94928,707-586-4320,1
9f04c1f3-246d-4746-aaba-d3db6a484877,LINDSAY URGENT CARE,825 SEQUOIA AVENUE,LINDSAY,CA,93247,559-562-9395,3
645bdb00-c06e-4a49-a6c9-4ce64ddf3aa4,EXPRESS LANE URGENT CARE,711 EAST HAWKEYE AVENUE,TURLOCK,CA,95380,209-664-1550,3
11dee0a4-893c-488c-9e7b-b3edbe8a899c,MED 7 URGENT CARE - ROSEVILLE,1101 SMITH LANE,ROSEVILLE,CA,95661,916-772-6337,10
498386ba-98ff-4b4a-8270-a6e8c4bdea0d,CLINICA MEDICA SAN MIGUEL - RITA,7119 RITA AVENUE,HUNTINGTON PARK,CA,90255,323-582-4980,5
63348e95-c123-452c-808b-add1ab4d09d1,URGENT CARE MEDICAL CENTER,1118 SOUTH GARFIELD AVENUE,ALHAMBRA,CA,91801,626-281-0090,268
cbfce16c-7bc7-491a-b42e-da3000d3da9c,US HEALTHWORKS MEDICAL GROUP - CHINO,15341 CENTRAL AVENUE,CHINO,CA,91710,909-628-6011,94
e81c5440-b026-4471-82f3-d0ab2d25cf5c,US HEALTHWORKS MEDICAL GROUP - GILROY,7793 WREN AVENUE,GILROY,CA,95020,408-848-0444,14
b143acd3-d778-47ac-bd29-2ea7cc980c9b,US HEALTHWORKS MEDICAL GROUP - IRWINDALE,6520 NORTH IRWINDALE AVENUE,IRWINDALE,CA,91702,626-812-0366,4
fb7d97c4-c8fa-4fe5-b911-1ed4dca5e1e6,US HEALTHWORKS MEDICAL GROUP - ONTARIO NORTH,3200 INLAND EMPIRE BOULEVARD,ONTARIO,CA,91764,909-945-5011,7
56ea5767-e61b-4505-82c7-f8f10a1149a0,US HEALTHWORKS MEDICAL GROUP - ORANGE,1045 NORTH TUSTIN AVENUE,ORANGE,CA,92867,714-288-8303,21
57a9314e-29cc-46ec-bdac-d3d07c3cceed,US HEALTHWORKS MEDICAL GROUP - SAN BERNARDINO,599 INLAND CENTER DRIVE,SAN BERNARDINO,CA,92408,909-889-2665,15
5e37cfa5-923c-46ad-b864-6a46b2046ffb,TALBERT MEDICAL GROUP WALK-IN CENTER - COMPTON,818 WEST ALONDRA BOULEVARD,COMPTON,CA,90220,310-537-1337,7
d123a4bb-0e0a-4e7f-a38f-7b39366b85c3,TALBERT MEDICAL GROUP WALK-IN CENTER - ANAHEIM,1236 NORTH MAGNOLIA AVENUE,ANAHEIM,CA,92801,714-995-1000,8
