ID,ORGANIZATION,NAME,GENDER,SPECIALITY,ADDRESS,CITY,STATE,ZIP,UTILIZATION
20ee165f-513d-466c-b339-147e2e7b8515,77487085-d468-4b0a-91f0-8e40cc5c735a,Enrique929 Emard19,M,GENERAL PRACTICE,27200 CALAROGA AVE,HAYWARD,CA,94545,4289,
740eec93-8508-4eba-8601-73c475be7dcf,7a5ff303-2264-4ee2-92b0-00954aba8272,Lowell343 McLaughlin530,M,GENERAL PRACTICE,2700 DOLBEER ST,EUREKA,CA,95501,1669,
2d84f91e-5b2b-4767-aa43-2ad59150f140,12fb0347-8105-4ac5-b302-7a623491ae5e,Octavio643 Tovar84,M,GENERAL PRACTICE,1501 TROUSDALE DRIVE,BURLINGAME,CA,94010,1983,
38c90e71-5247-4bd3-89f3-b0ccfc3b4d45,8747002a-d1b5-4605-8154-bc2e9c47ccb9,Lanny564 Haley279,M,GENERAL PRACTICE,601 DUBOCE AVE,SAN FRANCISCO,CA,94117,14243,
72dacb24-023d-45ff-96d6-324bee7231b4,4c2daa24-b245-47d6-913c-43a73d7a2320,Kendrick479 Weimann465,M,GENERAL PRACTICE,1000 TRANCAS ST,NAPA,CA,94558,639,
c8280b86-c7b5-4687-a8d5-b1a6c1d9d1d4,6f2202b9-0579-4824-b020-0f1324e63511,Brendan864 Schneider199,M,GENERAL PRACTICE,10 WOODLAND ROAD,SAINT HELENA,CA,94574,44,
f4028137-6229-4f21-bd98-8f77a7846ea8,ed9fa3d9-2136-492c-82a3-86c587479b0c,Racheal820 Zieme486,F,GENERAL PRACTICE,200 MISSION BLVD,JACKSON,CA,95642,65,
5ddd6382-c2ba-4977-86a6-c0e8a1eb461b,43263e62-c9ef-44a9-8a7a-845c2d2564d7,Kassandra256 Renner328,F,GENERAL PRACTICE,4001 J ST,SACRAMENTO,CA,95819,12100,
2922c7b4-632d-4881-b51d-32b16a4014d6,6ef899ba-4049-47ab-8776-a8b8a845fbf8,Rebeca548 Colón139,F,GENERAL PRACTICE,531 W COLLEGE ST,LOS ANGELES,CA,90012,34580,
61afc157-e76c-48eb-86e4-4d9d3c9150d5,c443cca2-df8c-4677-ae43-fe08c3d755b0,Chasity985 Conn188,F,GENERAL PRACTICE,4445 MAGNOLIA AVENUE,RIVERSIDE,CA,92501,4458,
c04c290d-cda5-404a-b4c2-08c876b4436c,5e4af2ca-9bb3-4d3f-9599-ddaa944e55d2,Robt687 Wisoky380,M,GENERAL PRACTICE,2400 EAST 4TH ST,NATIONAL CITY,CA,91950,1641,
89e71f7d-d950-45eb-a822-feb4cadea26d,8f65d008-5ad3-4f5c-98f3-93d831f76009,Hung902 Schultz619,M,GENERAL PRACTICE,200 WEST ARBOR DRIVE,SAN DIEGO,CA,92103,25776,
42d1c350-b125-4ab9-9d0b-d734fb3fe1e2,6e2d9a77-4914-4094-bde6-6b991a4f5b5e,Rosa195 Calvillo618,F,GENERAL PRACTICE,5555 GROSSMONT CENTER DRIVE BOX 58,LA MESA,CA,91942,4148,
7ba7aa59-c41d-47a0-95fd-739519a9cf03,9d7486f8-a385-43ca-88ed-6c619ad6c827,Rubén780 Benavides239,M,GENERAL PRACTICE,3800 JANES RD,ARCATA,CA,95521,161,
ed71b956-1f9e-4f18-bec5-c9a15a02e11f,ececf09c-9455-496f-bdf2-3e89598dd2f1,Shaina440 Schuster709,F,GENERAL PRACTICE,2767 OLIVE HIGHWAY,OROVILLE,CA,95966,830,
187d7266-26a1-4a02-ae28-cc583504097e,3751319b-8104-407b-9c8c-58b87e5324c4,Rubin812 Thiel172,M,GENERAL PRACTICE,420 34TH ST,BAKERSFIELD,CA,93301,3291,
445b898d-84d8-4b14-9764-74e0670129f5,e6dc878b-c64d-4769-af61-bfc834f04ca4,Xavier983 Oberbrunner298,M,GENERAL PRACTICE,751 SOUTH BASCOM AVENUE,SAN JOSE,CA,95128,8951,
2eb5cc5f-f67d-4f21-ba3f-2de0d771f025,84eabec2-2c28-43a3-88ff-a8f1fd3832ba,María Luisa888 Niño185,F,GENERAL PRACTICE,1531 ESPLANADE,CHICO,CA,95926,1284,
a6ca43d3-af4b-4986-bb49-5c1ff275adec,5e9c7724-8b1b-469b-85bf-a5cc2648c8eb,Marco Antonio298 Ontiveros947,M,GENERAL PRACTICE,14445 OLIVE VIEW DRIVE,SYLMAR,CA,91342,749,
bcf7d9d6-ea59-4f03-9597-27467a747f3c,6d54670e-0f14-4702-aa1c-882df1bcbd5d,Mable471 Bode78,F,GENERAL PRACTICE,2550 SISTER MARY COLUMBA DRIVE,RED BLUFF,CA,96080,63,
e87c3982-3095-4df9-83df-a626cde14ef4,0eb206de-0131-4ac6-b12e-908eaf34ef43,Nelly786 Farrell962,F,GENERAL PRACTICE,350 HAWTHORNE AVENUE,OAKLAND,CA,94609,4690,
cae1d009-3a2e-4820-b99d-2031a6ce92ca,0263ef0e-cc18-43ff-a722-2e96e9a5f5f7,Marcelina712 Dach178,F,GENERAL PRACTICE,1415 ROSS AVENUE,EL CENTRO,CA,92243,1852,
ec815562-052d-45b8-95ba-4fa29f20d89d,9aa29cdc-323d-425d-9789-9afdbda11ed2,Clemente531 Gaytán530,M,GENERAL PRACTICE,600 NORTH HIGHLAND SPRINGS AVENUE,BANNING,CA,92220,1325,
bacf3500-f691-41d6-b619-4be1e49a5557,f56b6557-14d7-4a28-ba98-baf5fd499a9a,Maya972 Okuneva707,F,GENERAL PRACTICE,1600 W AVE J,LANCASTER,CA,93534,4789,
a160ac91-63cf-4fa8-ba22-9757fc725a4a,52d56ecd-3591-43f2-b7cf-e8933d5a9020,Elsa29 Valenzuela371,F,GENERAL PRACTICE,400 W MINERAL KING AVE,VISALIA,CA,93291,1454,
d7db8a44-c335-4075-88ce-b27b96d43c88,9a3e119e-d590-4a8b-a770-36323d31f56c,Matthew562 Wiegand701,M,GENERAL PRACTICE,1420 S CENTRAL AVE,GLENDALE,CA,91204,3141,
e6a6b34a-8d5a-40ae-8561-056b85978701,cb515d39-15d1-4ef8-909c-01fbdfa62c25,Annita733 Hermiston71,F,GENERAL PRACTICE,2823 FRESNO STREET,FRESNO,CA,93721,8385,
724336f0-62b4-411d-a0e2-761cd7a4e873,7fe07815-53dd-475d-9507-1e6b4cc0f06f,Claudio955 Laureano185,M,GENERAL PRACTICE,350 S OAK AVE,OAKDALE,CA,95361,599,
1d9c0c80-f4e3-4698-8f59-5de7dae5cbb8,8ef96610-c080-4859-8f6a-2d1ff820d893,David908 Price929,M,GENERAL PRACTICE,1100 WEST STEWART DR,ORANGE,CA,92868,2131,
6ee79cb5-f6f5-4ad3-8984-fee0dc40437f,adc7e7c8-40a0-4723-8149-1f4a884af5fd,Keenan632 Little434,M,GENERAL PRACTICE,1200 EL CAMINO REAL,SOUTH SAN FRANCISCO,CA,94080,2099,
130dae85-d575-44c2-b536-1675cda9e8d5,1fbde1ca-dedf-461f-9a31-d733ba62da66,Benny518 Bergnaum523,M,GENERAL PRACTICE,700 LAWRENCE EXPRESSWAY,SANTA CLARA,CA,95051,14318,
b87fa0b6-7fcc-4f95-bcd2-2405b1d89ab1,5fcd4112-3bed-478c-8fa9-541ed4b95e34,Man114 Steuber698,M,GENERAL PRACTICE,1425 S MAIN STREET,WALNUT CREEK,CA,94596,738,
0070be17-7050-4499-84d0-445a730864c2,b952ef59-5979-4266-82db-13d0e85c8374,Carmen818 Preciado125,F,GENERAL PRACTICE,975 SERENO DR,VALLEJO,CA,94589,3208,
7d4fde56-1712-4066-b209-65e0465c2820,3a0c61c4-871a-4d9d-80bc-fcd84afa2e79,Elsa29 Zepeda235,F,GENERAL PRACTICE,2425 GEARY BLVD,SAN FRANCISCO,CA,94115,1762,
30d70c69-fbc1-4eaf-b3f5-da5bc560cbd1,4138f03b-71f0-4304-a2aa-54ef9b7b6354,Verna758 Kuhlman484,F,GENERAL PRACTICE,1300 W 7TH ST,SAN PEDRO,CA,90732,1914,
b9fcce97-bcea-49ae-883a-e0ccb847b94c,e849263a-bfaf-4417-8ab0-4d1a58fcc0fe,Shelton25 Von197,M,GENERAL PRACTICE,1600 N ROSE AVE,OXNARD,CA,93030,2998,
6249c39a-f4ce-4e53-9fa8-4ab99c18e453,60e44584-7735-4f9a-8164-9699b5c3ae14,Barbara209 Gurule738,F,GENERAL PRACTICE,1800 N CALIFORNIA ST,STOCKTON,CA,95204,3722,
1acefbaf-e5e5-49f7-8d49-c268be9fe5d0,3bb6e76c-0d99-44ad-b043-09c243b339be,Gabriela205 Luettgen772,F,GENERAL PRACTICE,1805 MEDICAL CENTER DRIVE,SAN BERNARDINO,CA,92411,1702,
ab24d21d-9808-43d1-95f3-37a285b1402e,2d4aed5a-f311-4a29-8c89-b450459727ad,Jeromy156 Kassulke119,M,GENERAL PRACTICE,2623 E SLAUSON AVE,HUNTINGTON PARK,CA,90255,3859,
4af4025a-a205-4273-b0f2-62c61d5e0aaf,a99b8631-4a91-48a1-88d2-2b8262db922c,Bob965 Monahan736,M,GENERAL PRACTICE,1303 E HERNDON AVE,FRESNO,CA,93710,2609,
8054c7e1-9673-445b-8c88-4930dbfc9598,6a778f45-917a-467f-b8af-4b656c30b9ce,Despina962 Dare640,F,GENERAL PRACTICE,725 S ORANGE AVE,WEST COVINA,CA,91790,922,
beece973-858f-4616-af9a-52a3e9b4995b,cfc5183a-4907-4924-9349-f08634cfdd4d,Rubin812 Bogisich202,M,GENERAL PRACTICE,999 SAN BERNARDINO ROAD,UPLAND,CA,91786,3639,
dc2219e4-bd6e-4afe-98f9-982ab56a2860,a460708d-074a-40ce-a668-a4bce5c96c6a,Rebeca548 Murillo232,F,GENERAL PRACTICE,3630 EAST IMPERIAL HIGHWAY,LYNWOOD,CA,90262,3121,
c494d7eb-5bf0-4fed-865b-0059633d6c81,ccc42732-f812-4e92-a5cd-b0e34ac3fa58,Pasquale620 Littel644,M,GENERAL PRACTICE,1400 E CHURCH ST,SANTA MARIA,CA,93454,1361,
497aac06-3f75-4e7a-b211-30a7dee2d30e,00e2e190-c1a3-4fe8-83b9-47e0ad12e76d,Elicia233 Cronin387,F,GENERAL PRACTICE,2825 CAPITOL AVENUE,SACRAMENTO,CA,95816,251,
4e139fc8-3be8-47cc-a014-1631caa95ca4,0adf2bbd-8c15-4feb-99a9-ca139f71415e,Daniele610 Heller342,F,GENERAL PRACTICE,1515 E OCEAN AVENUE,LOMPOC,CA,93436,1304,
10a55a22-53dc-4a67-a2dd-b3367d3c1cc9,bc3831bf-4d36-4949-867f-45110eba8e26,Soila394 Bayer639,F,GENERAL PRACTICE,1250 16TH STREET,SANTA MONICA,CA,90404,861,
9c120ebb-cdc1-47f3-8d5e-771ceea144a5,9736949a-d67a-4fed-a6f6-adc9ae773a7f,Christel364 McGlynn426,F,GENERAL PRACTICE,222 W 39TH AVE,SAN MATEO,CA,94403,1292,
d45e9af8-4541-4545-8b0d-e9f621e623cc,93a3ca63-49d0-44e8-9f3a-35c3d620ef40,Jane262 Farrell962,F,GENERAL PRACTICE,555 E VALLEY PARKWAY,ESCONDIDO,CA,92025,4630,
8e0ac038-e551-4b39-aa8d-41ac1f1483d3,ee4c2345-75f9-4cc0-b3cb-1e79b662a369,Valarie790 Russel238,F,GENERAL PRACTICE,1205 E NORTH STREET,MANTECA,CA,95336,2167,
68e065cb-8786-4a06-89dc-7d3de1b53e9c,21a60942-5921-43c7-ba7d-24c83cf42d2d,María Teresa440 Chavarría957,F,GENERAL PRACTICE,115 MALL DRIVE,HANFORD,CA,93230,1214,
d0914257-3655-4af6-bca6-7aea83a49819,d1192512-9ec5-4b61-943a-cdeb52945f4d,Benito209 Carrasco324,M,GENERAL PRACTICE,1325 COTTONWOOD STREET,WOODLAND,CA,95695,1886,
ff0e6788-828b-4cad-953b-daaa77acbf99,ade16da6-d570-4e99-83e0-4eddb8c223ae,Porfirio146 Parisian75,M,GENERAL PRACTICE,4002 VISTA WAY,OCEANSIDE,CA,92056,8594,
8993dbe8-c86c-4206-aad3-e748b47b1112,f387bb9a-d516-4303-8b98-3982787f70fa,Randy380 Brown30,F,GENERAL PRACTICE,180 ROWLAND WAY,NOVATO,CA,94945,611,
cd39fb9e-7d56-4dd6-9497-750755b1118c,a17c64b2-cacd-4493-8412-bd0a87e159c7,Olin642 Miller503,M,GENERAL PRACTICE,438 W LAS TUNAS DRIVE,SAN GABRIEL,CA,91776,1035,
4e039177-c22d-4b19-ba2a-048b9ec0bcc9,d9ae222e-225b-49fd-a697-535c6f01737e,Hershel911 Gleichner915,M,GENERAL PRACTICE,726 4TH ST,MARYSVILLE,CA,95901,80,
72c9cedc-cb9b-4255-a86e-7c88d80a1bf4,59e31f21-439a-4105-bcef-69b464c33fb2,Leticia253 Delatorre612,F,GENERAL PRACTICE,6245 DE LONGPRE AVE,HOLLYWOOD,CA,90028,1295,
7cf2316d-08b8-485e-a1ec-7ee3ee8ca53c,3c23512d-7189-422c-b024-63633878b8d0,Silva841 Bogan287,F,GENERAL PRACTICE,400 N MCDOWELL BLVD,PETALUMA,CA,94954,450,
90b452d8-bdcd-49e6-9ce0-c0f43a57cbb0,cdeca8d8-e081-4c57-98b6-d1cce5549bdd,Alejandra902 Lozano749,F,GENERAL PRACTICE,9333 IMPERIAL HIGHWAY,DOWNEY,CA,90242,1382,
e3e65c57-53a3-4575-ae31-65191cc4e875,80ac801f-eced-4c8c-b754-0cade5cd0def,Ruth999 Hackett68,F,GENERAL PRACTICE,9961 SIERRA AVE,FONTANA,CA,92335,4104,
68da9c57-1bb1-4ccc-b1d9-1cbfb98d793a,ac8d3af2-5365-4ab0-ae24-b6a3d47bd2e4,Stefani254 Kerluke267,F,GENERAL PRACTICE,23625 W R HOLMAN HIGHWAY,MONTEREY,CA,93940,170,
08db84f8-ad19-465a-ab0c-7f48ebcb2f77,5af8697b-3768-4928-9999-a85a6dd652bb,Delbert384 Rogahn59,M,GENERAL PRACTICE,300 HILLMONT AVENUE,VENTURA,CA,93003,3051,
e2dd4176-7928-4e7b-9b64-65982bf93f4f,6a5494bb-a086-4efd-9729-a62ef40b7ed1,Elijah719 Reichert620,M,GENERAL PRACTICE,101 E VALENCIA MESA DRIVE,FULLERTON,CA,92835,6530,
90cd77cf-f602-439e-8aa9-5d07661a9fd4,d853e46b-2eb1-44a6-8ec7-251696f08a00,Dagmar148 Medhurst46,F,GENERAL PRACTICE,12401 WASHINGTON BLVD,WHITTIER,CA,90602,186,
f05656b4-afbd-4052-bdbd-b62584b3c03a,319930dc-26d1-4fac-8ede-10d3b903ecc3,Katharine125 Yost751,F,GENERAL PRACTICE,1165 MONTGOMERY DR,SANTA ROSA,CA,95405,2574,
4eb54e84-0d15-4d0f-90a9-b9f9f719ca3c,70f73357-bf7a-4620-8513-4d128d060959,Frances376 Cronin387,M,GENERAL PRACTICE,825 DELBON AVE,TURLOCK,CA,95382,1423,
ada4daaa-7a19-40ee-9b72-a65d69ede191,6fe7eb29-94ae-4730-b655-00733c23736d,Ginger664 Collins926,F,GENERAL PRACTICE,1050 LINDEN AVE,LONG BEACH,CA,90813,5787,
9e1d2102-f0a3-4982-bae1-e6bd66cbc7ea,dc88f0e2-a824-48d5-9128-a924cde7ec49,Anthony633 Schulist381,M,GENERAL PRACTICE,372 W CYPRESS AVE,REEDLEY,CA,93654,1841,
47023236-781b-4e9b-b8f0-498cbf0a3766,054c77d8-934f-473d-adce-8114bd557377,Roger751 Sipes176,M,GENERAL PRACTICE,75 NIELSON STREET,WATSONVILLE,CA,95076,974,
f79d2b17-1585-47e9-86de-b965d3e7b648,35772617-4461-487a-8bd9-c8ca455bd040,Clay913 Kulas532,M,GENERAL PRACTICE,2000 MOWRY AVE,FREMONT,CA,94538,5321,
90d43456-0100-40f5-b599-266caef7e2c9,1f69f2f6-bafa-46e7-845e-51712a7e2dda,Kenyetta225 Cummings51,F,GENERAL PRACTICE,170 ALAMEDA DE LAS PULGAS,REDWOOD CITY,CA,94062,5935,
d504ab0e-a7b6-4680-a42c-2772fee53981,31c4b603-20d7-4492-a1eb-019c50183fbf,Louise871 Ziemann98,F,GENERAL PRACTICE,150 WEST ROUTE 66,GLENDORA,CA,91740,869,
1bdc03c4-fbe7-4795-bb49-eb610af73a0d,afd707aa-98c8-413d-b59b-b1c8d3acb551,Adrian111 Feeney44,M,GENERAL PRACTICE,2070 CLINTON AVENUE,ALAMEDA,CA,94501,881,
b87270f8-0a88-449d-a12f-dbb89fd7a039,f7e0f38e-0b73-40c9-bf7d-d62d13dc4547,Ai120 Kutch271,F,GENERAL PRACTICE,751 MEDICAL CENTER COURT,CHULA VISTA,CA,91911,2134,
770b2482-4347-4543-a856-9ce10c94fb50,4fa64cd0-a079-4b5f-b6f7-027d5959e1f9,Reina25 Sanabria449,F,GENERAL PRACTICE,ONE HOAG DRIVE,NEWPORT BEACH,CA,92663,1204,
77bc29b2-813a-4a36-a32a-88e869c92b16,1926c246-d92e-4230-9b87-2f4db1b8f80c,Rayford811 Connelly992,M,GENERAL PRACTICE,5974 PENTZ ROAD,PARADISE,CA,95969,129,
b032f92c-0529-4bae-8606-2553e1ba9871,bfc1d177-aaab-4310-a47c-13cb591ecb72,Barbara209 Berge125,F,GENERAL PRACTICE,1111 W LA PALMA AVENUE,ANAHEIM,CA,92801,4377,
42f0aaa6-f635-40da-b91f-67e8b40211da,01e54d5f-dc65-45ac-9ed6-c6178fc7d905,Jacqualine965 Ebert178,F,GENERAL PRACTICE,12601 GARDEN GROVE BLVD,GARDEN GROVE,CA,92843,8517,
a73a1c4a-f90c-45e4-9a3e-0d3524358df3,15ba36c7-bdbe-4ffb-a72b-c27f1ff733fa,Major265 Jones311,M,GENERAL PRACTICE,1798 N GAREY AVE,POMONA,CA,91767,2606,
a6f84483-d463-47d0-915d-705d5c81ae7f,6c8e4860-508a-4dcf-976d-91ab9105031c,Gregorio366 Ulibarri312,M,GENERAL PRACTICE,1911 JOHNSON AVE,SAN LUIS OBISPO,CA,93401,325,
64a484b0-4efb-4050-a889-6c2ba097c4a5,dfad976a-91ba-404f-899c-f0d4bea6f5c7,Edwardo860 Glover433,M,GENERAL PRACTICE,250 PROSPECT PLACE,CORONADO,CA,92118,1101,
fdd6d476-10c8-4590-b21a-e2ddd3dbf1d7,16f8ffc1-09ba-4473-914f-24d492e308fb,Aurelio227 Friesen796,M,GENERAL PRACTICE,501 SOUTH BUENA VISTA,BURBANK,CA,91505,638,
7a2b49c9-b126-412c-b3ee-ee9ab94c9a59,c543467c-2989-4ace-a4fd-34272582022f,Benito209 Jaime666,M,GENERAL PRACTICE,2975 N SYCAMORE DR,SIMI VALLEY,CA,93065,840,
49355fbc-5e86-453b-9c62-932e79e595ed,f09a9dd3-1c63-4310-810a-790bdc37297d,Thuy136 Gutmann970,F,GENERAL PRACTICE,300 W HUNTINGTON DR,ARCADIA,CA,91006,1803,
27f7c36e-038f-4f81-b096-a3088b76c57d,fe7ae7ac-e931-405f-9dce-25311a99ebb8,Maren639 Ferry570,F,GENERAL PRACTICE,1150 NORTH INDIAN CANYON DRIVE,PALM SPRINGS,CA,92262,1297,
58ee6efe-3398-434a-a3d8-3e604f558b94,d340a3e4-a84c-4c0c-a01f-3162a2f260cd,Zackary401 Feest103,M,GENERAL PRACTICE,400 NORTH PEPPER AVENUE,COLTON,CA,92324,2241,
07f5f88c-30d6-4e93-842d-33a5c937f149,6ca58644-a17f-459c-859d-2b78bc209e80,Claude750 Casper496,F,GENERAL PRACTICE,1441 CONSTITUTION BOULEVARD,SALINAS,CA,93906,3784,
a003ce84-89d3-4472-82f3-de2f75edc9e8,43743080-9855-4e2e-ad17-0a5e3e374eab,Jacqui951 Mann644,F,GENERAL PRACTICE,465 W PUTNAM AVE,PORTERVILLE,CA,93257,1028,
7a170ff0-873b-4beb-a2e5-9ab93b2f0665,703bf7c5-05c1-4ee0-a299-a0bc1d2c3aa6,Caroll955 Zemlak964,F,GENERAL PRACTICE,350 TERRACINA BLVD,REDLANDS,CA,92373,1336,
5996331e-381d-42cc-bfda-3b0b73fbcdca,9088ec05-e474-414d-9454-d6b47d713d99,Stewart672 Boyle917,M,GENERAL PRACTICE,2500 ALHAMBRA AVENUE,MARTINEZ,CA,94553,67,
478682c1-a617-4cf7-bfd3-18d90c27fba9,2fbb4cd7-337a-4240-9b45-b7cbe6ad197c,Perry780 Abbott774,M,GENERAL PRACTICE,15031 RINALDI ST,MISSION HILLS,CA,91346,28,
7e8fa0e4-df41-4d9c-992a-2ebf53fb363c,5f27c59b-6201-4111-81e4-6346975be2ba,Ivan258 Nikolaus26,M,GENERAL PRACTICE,6601 WHITE FEATHER ROAD,JOSHUA TREE,CA,92252,693,
05929781-175d-4e9c-afc2-c0883667b99f,d4de6eca-f7bd-42d5-a0a9-710ec40d3e7e,Hallie315 Hartmann983,F,GENERAL PRACTICE,2175 ROSALINE AVE  CLAIRMONT HGTS,REDDING,CA,96001,3146,
b2c6aa94-5f78-4bee-88ab-4ac4a446353d,f669fa20-d17e-4ec1-984c-dc4ff363f922,Shae705 Paucek755,F,GENERAL PRACTICE,100 S RAYMOND AVE,ALHAMBRA,CA,91801,2683,
b7288ec2-8c9c-4242-b967-f39b79becd02,1bd8c6fe-bf78-441f-9d09-3e523eed4b55,Milly429 Marks830,F,GENERAL PRACTICE,5555 WEST LAS POSITAS BOULEVARD,PLEASANTON,CA,94588,1055,
90affb14-f3fd-4ebc-a570-2a9f9702c317,6f42916d-485c-4282-833e-98bd130be7fc,Elke785 Bode78,F,GENERAL PRACTICE,1900 SULLIVAN AVENUE,DALY CITY,CA,94015,450,
65c0ff9f-4018-4f52-b875-fcee0d1a9156,ddd293fa-28f5-479d-b987-881d02aad5e5,Henriette328 Murazik203,F,GENERAL PRACTICE,30 MARK WEST SPRINGS ROAD,SANTA ROSA,CA,95403,90,
f87c7ab2-a1a7-469f-8a11-9f8e99de6b31,8e720220-c6da-4f5b-a5b3-5be91414e66a,Leonor133 Acevedo301,F,GENERAL PRACTICE,26520 CACTUS AVENUE,MORENO VALLEY,CA,92555,5585,
01daf52e-f8c2-4cd1-b7db-ab5f1119fdb2,90ea5414-0994-47df-a5fb-d87f9756530d,Claudio955 Peralta301,M,GENERAL PRACTICE,911 SUNSET DRIVE,HOLLISTER,CA,95023,290,
b915667c-0e6c-4679-a3ce-f7845e842b6d,f043d192-5d1d-4c2a-88c7-fea5cd7c4e2e,Mario764 Báez684,M,GENERAL PRACTICE,820 E MOUNTAIN VIEW STREET,BARSTOW,CA,92311,786,
ac8f3051-633e-4da9-907d-612849dcd5e5,ecd2bd51-065b-495b-b281-641628d01bab,Jaime666 Arevalo970,M,GENERAL PRACTICE,18300 HIGHWAY 18,APPLE VALLEY,CA,92307,2518,
602bd5f6-9533-4dd0-a75b-e44e18e875b0,69d507dc-39ad-472a-9d47-250072f808e1,Alvaro283 Altenwerth646,M,GENERAL PRACTICE,275 HOSPITAL DRIVE,UKIAH,CA,95482,447,
4cc07da2-51cd-4fd0-8af9-e2bf38b171b2,45e3729c-8a30-4b12-9b0c-72225d9598cc,Eloisa55 Sepúlveda884,F,GENERAL PRACTICE,2450 ASHBY AVENUE,BERKELEY,CA,94705,5662,
d4c55e5e-1647-4ae7-84cd-f41f42476687,f2935b66-1bb0-4fb7-8e9c-206b5ac86f17,Philip822 Sauer652,M,GENERAL PRACTICE,2500 GRANT ROAD,MOUNTAIN VIEW,CA,94040,3201,
484e2ed7-d0c9-4f8b-b06c-baf60d8d3b46,fb378bcb-344d-4cf6-863b-25f3d576e21e,Jamie386 Wiegand701,M,GENERAL PRACTICE,ONE MEDICAL PLAZA,ROSEVILLE,CA,95661,3473,
b0fb9f7d-f7e7-4eef-a5f0-40479e019ee6,d8665967-94d0-4d49-87f2-cdbd442587f8,Josefina523 Tejeda887,F,GENERAL PRACTICE,1420 NORTH TRACY BLVD,TRACY,CA,95376,994,
c9c25ba5-250d-461a-98b9-d1df84b2c755,dc41dfbc-61ea-46c9-84ff-85308cae80e9,Randal152 Welch179,M,GENERAL PRACTICE,11234 ANDERSON ST,LOMA LINDA,CA,92354,242,
b148af05-28cd-4068-9675-0f0cbecd60ef,e74839a0-b61b-41c4-a1c2-78f4db15d67e,Teodoro374 Zapata667,M,GENERAL PRACTICE,800 SOUTH MAIN STREET,CORONA,CA,92882,5006,
de0193ad-9caf-4a6f-9d0d-df253fd52feb,0190e72a-1496-4151-9c31-30477ae89ba3,Luz785 Cedillo160,F,GENERAL PRACTICE,1000 GREENLEY ROAD,SONORA,CA,95370,325,
96b7308a-bfd8-4e49-9a7d-9d813aaa81fe,1143acd0-b7ac-4076-9530-97adf5689095,Luz785 Bétancourt447,F,GENERAL PRACTICE,975 S FAIRMONT AVENUE,LODI,CA,95240,934,
58ec96a3-f178-4148-9e22-e2a8b5701404,d06fa1c7-832e-4ed6-8f6d-7d285769c688,Nery414 Reichel38,F,GENERAL PRACTICE,207 WEST LEGION ROAD,BRAWLEY,CA,92227,246,
9578dee3-28f6-4724-8bf8-6ff4d57a4d80,5d5cadb5-ee99-4d9d-9e95-c5bdf879e7e3,Esperanza675 Zavala169,F,GENERAL PRACTICE,309 W BEVERLY BLVD,MONTEBELLO,CA,90640,131,
2ea9d655-6b0c-4c90-a206-99426b926b1c,567be4d8-0bda-424d-9aa6-39df3a88763e,Nicki254 Hansen121,F,GENERAL PRACTICE,3330 LOMITA BLVD,TORRANCE,CA,90509,1931,
8b903c07-dc3d-4c25-9fd4-aaa2c2c73cb1,c8ebfce4-8b22-41dd-b838-7646bbf06fee,Carlos172 Casanova632,M,GENERAL PRACTICE,2170 SOUTH AVENUE,SOUTH LAKE TAHOE,CA,96150,856,
a99b727c-a499-434d-959d-fce289c41860,122931bc-6929-4779-a3b6-0af980dbd94d,Nena266 O'Reilly797,F,GENERAL PRACTICE,351 S PATTERSON AVE,SANTA BARBARA,CA,93111,4641,
e7c0ac2e-49a5-4c88-b3ab-e8463a284c95,5f865814-9ccf-4630-bb75-645106caee10,Keith571 Roob72,F,GENERAL PRACTICE,869 NORTH CHERRY AVENUE,TULARE,CA,93274,953,
71baac30-9fa2-4438-ae46-aa736825354b,7f80e8f0-8b5a-4e49-8cde-ecf617ec6d31,Bethel526 Marks830,F,GENERAL PRACTICE,250 BON AIR ROAD  PO BOX 8010,GREENBRAE,CA,94904,400,
d6daeda9-074f-42de-ae23-a6300ed666a5,a7ccaae6-252c-43b8-becb-1d152307c37b,Kam191 Monahan736,F,GENERAL PRACTICE,1200 B  GALE WILSON BLVD,FAIRFIELD,CA,94533,718,
64992725-cf5e-4d8c-b5a0-bb605045d967,f21e1fce-f464-417e-a774-5660337068ff,Sandee884 Nikolaus26,F,GENERAL PRACTICE,1000 W CARSON ST,TORRANCE,CA,90502,3692,
2f42b429-deb8-431e-890e-360aa7189bfc,d4669e0e-1e13-4cd9-b9ef-c64b9455f8eb,Mathilde204 Gerlach374,F,GENERAL PRACTICE,210 W  SAN BERNARDINO ROAD,COVINA,CA,91723,1721,
360f275e-48f8-444b-9608-93f675aabe1d,7c6a7cb7-4bc5-4e2c-88e8-7efcc533c65c,Sanda877 Runte676,F,GENERAL PRACTICE,1117 EAST DEVONSHIRE,HEMET,CA,92543,3093,
34973f35-b2c9-4da8-b401-a595e595ee46,456e6564-4102-4b1e-8bf4-74b97016abdb,Lashell363 Adams676,F,GENERAL PRACTICE,1191 PHELPS AVENUE,COALINGA,CA,93210,678,
1319ca06-0bf8-45df-bab4-43e983bd581d,ea86879a-d3c1-4f73-842b-0e037c11bf08,Tandy422 Parisian75,F,GENERAL PRACTICE,25825 SOUTH VERMONT AVENUE,HARBOR CITY,CA,90710,1178,
1227c35b-0bc9-465b-8200-a27c0f9c9bf4,50c97754-be5d-457d-bc3c-0cac472d9d54,Luba688 Balistreri607,F,GENERAL PRACTICE,1650 CREEKSIDE DRIVE,FOLSOM,CA,95630,772,
1c58a926-4866-4ccf-ab7c-396f30137743,e95959f1-58c6-4423-8b35-965d43ae1b8d,Rubye299 Schaefer657,F,GENERAL PRACTICE,800 E WASHINGTON BLVD,CRESCENT CITY,CA,95531,343,
5baec606-ee4f-4730-b0e2-e5a4229429d6,93853e56-21fb-41fa-9a5b-02ddd6c53955,Daryl568 Maggio310,M,GENERAL PRACTICE,250 NORTH FIRST STREET,BLYTHE,CA,92225,270,
c4e7bb6b-b639-400a-b3bf-143996d274ce,df82bf9e-6678-49e7-a353-1a1dceaa9a5c,Pilar644 Delrío329,F,GENERAL PRACTICE,100 W  CALIFORNIA BLVD,PASADENA,CA,91109,1793,
d5a1c656-c1ef-4685-b46e-567c05c7c565,3eb45681-7688-4c87-82e2-93934e4f4397,Frankie174 Hermiston71,M,GENERAL PRACTICE,300 PASTEUR DRIVE,STANFORD,CA,94305,2820,
5809be16-d11d-417d-b494-3dd4e1f05d50,bea4eec2-4541-4f77-b3a2-ec21fbdcf3a2,Garry927 Denesik803,M,GENERAL PRACTICE,333 MERCY AVENUE,MERCED,CA,95340,1660,
adbce7ac-7a87-4b2f-bb91-b9f23d786efe,5bcc4d6f-f3a7-43a4-80fc-a2e771fc9c91,Nanci249 Jacobs452,F,GENERAL PRACTICE,2615 CHESTER AVENUE,BAKERSFIELD,CA,93301,4271,
0a1b3235-a3ea-4915-83d9-cc57276c286e,68728263-ef0b-454f-9858-fd8798585120,Gaynell126 Fisher429,F,GENERAL PRACTICE,1441 FLORIDA AVENUE,MODESTO,CA,95350,4354,
1860b87d-550a-499b-a179-92501021fe48,70e2d673-76be-4df3-b458-83bd457ab76a,Jerónimo599 Núñez242,M,GENERAL PRACTICE,1145 W REDONDO BEACH BLVD,GARDENA,CA,90247,7254,
7f5b3734-ff63-453e-bb0c-1f8e02f81f1a,b3e9bf88-a75e-4bef-9185-612e8243ce6f,Filiberto722 Ruecker817,M,GENERAL PRACTICE,20103 LAKE CHABOT ROAD,CASTRO VALLEY,CA,94546,415,
9d1e4f42-a38a-485d-ba1e-7ff399b8237a,e3b7d953-da4a-4b41-82f9-fd6c16372f57,Jorge203 Parra592,M,GENERAL PRACTICE,2755 HERNDON AVE,CLOVIS,CA,93611,1710,
4b33fd4e-4d36-48e5-b3ae-7683e2a6b62c,0d9da11a-42b0-4538-9a53-3a7c78ad1a16,Michal596 Spinka232,M,GENERAL PRACTICE,2540 EAST ST,CONCORD,CA,94520,1599,
396fb24b-1035-44bf-8bf6-02cde5a7fb9c,ab344fe2-e089-474f-894b-cdcc8c9740d3,Junie167 Volkman526,F,GENERAL PRACTICE,11815 EDUCATION STREET,AUBURN,CA,95603,254,
1cfb9ba0-1dee-465f-af0b-7c8fb8364cc4,0578fd63-7e9c-4d86-b432-426ad7ddcaf9,Trevor374 Mante251,M,GENERAL PRACTICE,354 SANTA FE DRIVE,ENCINITAS,CA,92024,2254,
585dd80e-3c5a-441a-ac0d-760bdaf3e15a,fc5a0f64-ee88-4160-b2cc-51709fe866e4,Wendell199 Kiehn525,M,GENERAL PRACTICE,99 MONTECILLO RD,SAN RAFAEL,CA,94903,3351,
c7ab56b4-6f89-488e-9176-909dfe92b7a9,ab435d86-22d2-4f1a-a82e-7405c51d4278,Rosalia943 Solorzano931,F,GENERAL PRACTICE,6501 COYLE AVE,CARMICHAEL,CA,95608,2047,
4f117faa-fa20-4d4f-ab87-32831f8cbba6,ee92d82b-fedc-45f8-8844-d760793b035c,Arla414 Fay398,F,GENERAL PRACTICE,15248 11TH ST,VICTORVILLE,CA,92392,3150,
92873dbe-5410-4997-bf7e-44be6ae7bf63,2df6984a-852a-43e6-b115-864b4799ea43,Óscar156 Gálvez271,M,GENERAL PRACTICE,3901 LONE TREE WAY,ANTIOCH,CA,94509,1416,
ee0ad53a-8606-459d-9f37-71956807abd7,d3453945-62ab-43cb-9766-0a42739993e0,Jorge Luis88 Villanueva621,M,GENERAL PRACTICE,17772 BEACH BLVD,HUNTINGTON BEACH,CA,92647,1885,
e36223c1-b385-43ee-ab57-d3aa14582fba,bdde986e-8dc6-40ae-82e6-dca21ae528c4,Chad48 Flatley871,M,GENERAL PRACTICE,520 WEST I ST,LOS BANOS,CA,93635,468,
91cb6939-6c49-4942-93c7-1b5520431ebf,ba1665c0-84d7-4b6a-8edf-1dab59808f08,Toby274 Turcotte120,M,GENERAL PRACTICE,47111 MONROE STREET,INDIO,CA,92201,1312,
1e3b1496-8451-4bf3-be5f-67773f3c2833,dfb47643-c29e-4f0a-a554-47e713bfc953,Winfred745 Ebert178,M,GENERAL PRACTICE,2000 SUTTER PLACE,DAVIS,CA,95616,512,
e8d0ca3f-767c-4f69-a535-738a579ba4ac,94d77d69-b5af-47a3-a3e7-4691baec285d,Larisa542 Nolan344,F,GENERAL PRACTICE,301 VICTORIA STREET,COSTA MESA,CA,92627,1886,
139e9fba-c6f4-41b1-928c-b4948f7607da,8a970801-a5f8-4c93-baa8-2f843f43c1d6,Jerald662 Mills423,M,GENERAL PRACTICE,215 W JANSS RD,THOUSAND OAKS,CA,91360,4679,
440fd327-da8e-4f44-9951-90c3205bf569,5343e538-b339-49ae-bcb9-0a9384b3e65a,Oralia106 Schamberger479,F,GENERAL PRACTICE,3751 KATELLA AVENUE,LOS ALAMITOS,CA,90720,1256,
c3b35d89-fc66-422f-81a8-8af13c2b03bd,e9a83a7e-9e21-4c3c-9d96-9dfdcb5d5390,Trey250 Schaefer657,M,GENERAL PRACTICE,27700 MEDICAL CENTER RD,MISSION VIEJO,CA,92691,4960,
1705cea0-10a7-4167-9402-58ca2862396c,c26169cb-7746-40f0-8bdc-df88d7dd535d,Virginia437 Bustamante966,F,GENERAL PRACTICE,1250 E ALMOND AVE,MADERA,CA,93637,1086,
d05de28a-8178-43f5-bde1-c536ec18609e,4d70f091-9012-4ece-be88-1a203545b98f,Les282 Denesik803,M,GENERAL PRACTICE,17100 EUCLID STREET,FOUNTAIN VALLEY,CA,92708,537,
3efeaab6-439e-4f3d-a261-ad875d8af794,5f9c0d22-bbf3-45e8-99e2-9844df46d194,Columbus656 Hagenes547,M,GENERAL PRACTICE,39-000 BOB HOPE DRIVE,RANCHO MIRAGE,CA,92270,1972,
78c6d584-93ea-4abc-8472-6a12775fd3f3,b13cc3ee-297a-44ae-90b8-944641a6f63d,Clayton230 Hoeger474,M,GENERAL PRACTICE,7901 WALKER STREET,LA PALMA,CA,90623,5911,
d1c37173-8007-4d13-9811-d286fa56e168,df524599-4f1d-44bf-a975-cc374db3305c,Kurt412 Kunze215,M,GENERAL PRACTICE,3700 E SOUTH ST,LAKEWOOD,CA,90712,1326,
bd096178-69c8-49a7-bf99-2e12d91d7cb2,cb774f24-8c92-47b0-bf20-937f09502bca,Sana377 Deckow585,F,GENERAL PRACTICE,5451 WALNUT AVE,CHINO,CA,91710,8020,
444852ef-a0ce-4d48-a12a-268811709d28,ed8b8b4a-5d53-4614-99df-07dded9250d9,Harley673 Quigley282,M,GENERAL PRACTICE,1350 W COVINA BLVD,SAN DIMAS,CA,91773,448,
9289444a-342c-46f1-ac6b-369cae5ebbfe,a9d2f291-0d2d-4693-a7b3-ee00c46707ca,Shaunna800 Oberbrunner298,F,GENERAL PRACTICE,1301 N ROSE DRIVE,PLACENTIA,CA,92870,1088,
1255a4cd-19e0-4799-9ec2-34a2c7ee5da0,16c58ad9-8d64-4d0d-8e2a-532336c3f9ce,Ursula220 Hodkiewicz467,F,GENERAL PRACTICE,24451 HEALTH CENTER DRIVE,LAGUNA HILLS,CA,92653,4143,
7659ca68-4645-4fbc-907a-d0a1bbcca547,5e2f335e-64db-48c3-a3bf-8c4db92bc012,Keri25 Welch179,F,GENERAL PRACTICE,1401 GARCES HIGHWAY,DELANO,CA,93215,1337,
07a37b45-d20c-4c3d-a130-43ffaff4d3b9,95ce25ba-c81c-4d7b-a6ec-06201d1ae3c4,Beatriz277 Pineda243,F,GENERAL PRACTICE,2309 ANTONIO AVE,CAMARILLO,CA,93010,2320,
99c4595f-cb7d-457e-a452-edfeb3800423,379a1971-9e76-4326-96c7-95c71bd6dd50,Daniel959 Figueroa648,M,GENERAL PRACTICE,23845  MCBEAN PKWY,VALENCIA,CA,91355,2931,
a4aecf05-5ee4-4d1b-8999-f73c2e6ba3c2,96a2498a-bb40-4dca-8e80-40b79729110c,Nicola388 Eichmann909,F,GENERAL PRACTICE,1100 LAS TABLAS RD,TEMPLETON,CA,93465,882,
f630e7c9-71b0-442a-924a-2cb31d275662,77b8dffb-860f-47e8-901c-26fc0a3b289e,Byron202 Douglas31,M,GENERAL PRACTICE,15615 POMERADO ROAD,POWAY,CA,92064,1104,
6e7ae1b3-7de4-4eec-9d3f-b16f61bb109a,2ad67dbc-3129-416c-9afc-fc62d54229e2,Kathryn101 Ortiz186,F,GENERAL PRACTICE,28400 MCCALL B0ULEVARD,SUN CITY,CA,92585,138,
d5639b18-f4fa-42f3-8d55-d9c1c1f6df82,355959c0-d8e3-438a-beb9-42f8544e66d7,Elisa944 Madera340,F,GENERAL PRACTICE,9400 NO NAME UNO,GILROY,CA,95020,2365,
c67adef5-176c-4128-8955-e146c3a5cd22,22b76c0d-6fc1-4f40-8537-60ab2f9137eb,Dane516 Satterfield305,M,GENERAL PRACTICE,6001 NORRIS CANYON ROAD,SAN RAMON,CA,94583,2648,
2aa810d5-0183-4ab0-8d4f-40892818b127,7a72ae2f-bbc8-4ba9-8fcd-1dd24afd70ab,Joel444 Osinski784,M,GENERAL PRACTICE,401 BICENTENNIAL WAY,SANTA ROSA,CA,95403,1753,
f60b6c18-9161-4f8b-8b38-5f7f70135fbe,a089a54b-961a-48b1-953f-070b3343b2ff,Corinne382 Schoen8,F,GENERAL PRACTICE,25500 MEDICAL CENTER DRIVE,MURRIETA,CA,92562,28,
ea936534-f7a3-4433-8426-cbb9142313d4,c1faa086-55b1-479c-8b1a-5c7f3ad3bab5,Lewis216 Kuhn96,F,GENERAL PRACTICE,2900 CHANTICLEER AVENUE,SANTA CRUZ,CA,95065,2347,
cac86b20-9ef0-4bad-98f7-c6b3cc0827d3,1afac4c1-e182-4ebf-b59a-cbac3dbc6654,Rick943 Beatty507,M,GENERAL PRACTICE,1011 BALDWIN PARK BLVD,BALDWIN PARK,CA,91706,1139,
af7fe21e-ab2e-43f9-8fce-d607d83ffc14,22044e6c-f5b8-4ec1-bef4-9f86af04f48c,Norris589 Hyatt152,M,GENERAL PRACTICE,9080 COLIMA RD,WHITTIER,CA,90605,1754,
a4e645ff-afdb-4726-993e-827fbcbd4336,33f6c2c3-73b2-4c98-a2ef-a78991612a79,Ana972 Centeno914,F,GENERAL PRACTICE,900 S ATLANTIC BLVD,MONTEREY PARK,CA,91754,932,
7544dead-5e56-4b67-b566-d1db8885aaa6,d4b19163-f16a-4339-a30b-f1ba5dda2fbb,Gilberto712 Montaño969,M,GENERAL PRACTICE,1701 SANTA ANITA AVE,SOUTH EL MONTE,CA,91733,2081,
1795532a-0ed5-4ac0-9fc5-22467bf2ceac,2e5706bc-725b-4173-bf0c-89361b3c11b8,Elvin140 Hills818,M,GENERAL PRACTICE,555 EAST HARDY STREET,INGLEWOOD,CA,90301,28460,
ec820b0e-a15c-4228-9236-bef207116f94,d039a8aa-0185-4aae-8cf7-cc56a8ea713a,Francisco472 Batista148,M,GENERAL PRACTICE,1001 NORTH TUSTIN AVENUE,SANTA ANA,CA,92705,4459,
e41eabfb-edf2-4895-b6b9-505b41eb082c,1e97316e-3fbf-4895-82b6-dd3c04bf865c,Mattie544 Koelpin146,F,GENERAL PRACTICE,570 WILLOW ROAD,MENLO PARK,CA,94025,348,
3acaea58-58ec-4a9c-9718-d46bf25c34fd,156a4340-429b-40dd-b6be-40966c4fa035,Bonita405 Funk324,F,GENERAL PRACTICE,5000 SAN BERNARDINO ST,MONTCLAIR,CA,91763,2032,
941296ad-ae85-4317-95d2-bb699deac7f1,f696ccd3-b9fb-452d-a725-b960dc857207,Colby655 Batz141,M,GENERAL PRACTICE,4501 SAND CREEK ROAD,ANTIOCH,CA,94531,582,
0b1cc5e2-5ccd-4fda-9246-92cd7c0677ec,d393d87f-0166-4130-af50-c29078b29f4f,Mariel814 Auer97,F,GENERAL PRACTICE,455 PLUMAS BLVD,YUBA CITY,CA,95991,1031,
84afe402-7352-4e72-a924-252cd9ded9b5,7a492f69-9c2d-400d-b113-ccda293aa5a4,Bev675 Zulauf375,F,GENERAL PRACTICE,1 QUALITY DRIVE,VACAVILLE,CA,95688,817,
546ed96b-b609-48f2-96a2-204b824f478b,0d87d09b-a1c3-42ca-b7f9-0c35812c5685,Paige606 Wisoky380,F,GENERAL PRACTICE,16250 SAND CANYON AVENUE,IRVINE,CA,92618,3385,
dec949de-1397-4775-a210-f520c800215f,d4496113-e9df-4f60-8871-ea7d4707c1b8,Aubrey96 Tromp100,F,GENERAL PRACTICE,28062 BAXTER ROAD,MURRIETA,CA,92563,2770,
2e998ac6-810b-473f-b3eb-aa09d9de18f3,4e1da9c8-93a6-412f-9dc7-e9103a8d5f0c,Fiona703 Pacocha935,F,GENERAL PRACTICE,13100 STUDERBAKER ROAD,NORWALK,CA,90650,3251,
09fba8c0-2e24-42d4-bf38-a3a91f48e081,04e48cd7-da3e-456d-95bd-1ee48c898542,Malvina930 Cremin516,F,GENERAL PRACTICE,13855 E 14TH STREET,SAN LEANDRO,CA,94578,4161,
9795202a-d1d3-4886-8011-cbac8cba7407,af4576e9-37d0-4db6-b94d-e4eff30b0d13,Quinn173 Lind531,M,GENERAL PRACTICE,31700 TEMECULA PKWY,TEMECULA,CA,92592,1159,
f2364208-5602-4af5-908a-0443b0b55413,0403a430-1a76-4c16-a994-c837c0a0288d,Leesa210 Lind531,F,GENERAL PRACTICE,14662 NEWPORT AVE,TUSTIN,CA,92780,2375,
69a7f72e-3e34-4f45-a817-5c287a9e2599,beed8655-e0e4-4cd6-aef5-d6915e614103,Curt84 MacGyver246,M,GENERAL PRACTICE,500 FIRST AVENUE,PORTOLA,CA,96122,3,
c9129555-aa9c-4e27-bf6d-2d87ff8fbb4f,197eb64b-16e8-4a9d-8693-f4c00d3c81c9,Obdulia648 Von197,F,GENERAL PRACTICE,5189 HOSPITAL ROAD,MARIPOSA,CA,95338,367,
5e0d7b59-f9fd-41cb-8f14-5af09063ecb0,2d2f0ead-ec51-4ae9-a6b2-0990788a7f17,Pablo44 Valdés907,M,GENERAL PRACTICE,60 EASTER AVENUE,WEAVERVILLE,CA,96093,308,
d43136e8-fe64-43f1-a343-a3a411bfbb88,639d4059-6bb1-452c-9db6-ab5bf571392c,Richard937 Schiller186,M,GENERAL PRACTICE,15630 18TH AVE - HWY 53,CLEARLAKE,CA,95422,143,
f60f63cb-6cdc-426e-be5d-a27fc7e02e68,0de4c6c8-0e82-454b-b15f-52b05410310b,Elisa944 Amador986,F,GENERAL PRACTICE,3300 RENNER DRIVE,FORTUNA,CA,95540,139,
867a113e-52fa-4a8b-8152-7df43ff1be6e,9135ed52-4552-4209-b9c2-3cd66e264d4b,Rodrick370 Mills423,M,GENERAL PRACTICE,914 PINE STREET,MOUNT SHASTA,CA,96067,168,
7c84d16f-db33-4572-92d1-7820c36647eb,c7e51acb-ed8f-489f-9e0e-072dca08c083,Nelle766 Buckridge80,F,GENERAL PRACTICE,1375 UNIVERSITY AVENUE,HEALDSBURG,CA,95448,3087,
ff930f22-f3d1-4f83-ab88-fc32309d29dc,6dead704-9ac0-499f-8664-68751f30c690,Lida218 Fahey393,F,GENERAL PRACTICE,150 PIONEER LANE,BISHOP,CA,93514,118,
8abb4bb5-6dbf-4397-af42-735857b5769e,023aeef9-c2ea-4c1c-9790-7bf676197946,Stanford577 Crona259,M,GENERAL PRACTICE,130 BRENTWOOD DRIVE,CHESTER,CA,96020,2963,
73c9cf27-ee32-4a45-9cb6-59c16bb7f754,511c2f84-21c9-4f63-902d-c49ecd907994,Lynn917 Hegmann834,M,GENERAL PRACTICE,2050 VIBORG RD,SOLVANG,CA,93463,51,
6a27f3e3-9cca-4c93-b725-6ead9fbc52c2,c20d2e50-3194-4fda-8646-64c62d98e8bc,Minta575 Larkin917,F,GENERAL PRACTICE,1306 MARICOPA HWY,OJAI,CA,93023,384,
18230848-3cee-442e-8650-3f2519b1c2b6,b1da06b2-8236-4ec5-a019-539bd28fa576,Berta524 Ojeda263,F,GENERAL PRACTICE,41870 GARSTIN DR,BIG BEAR LAKE,CA,92315,527,
e90ba0bb-08d6-43e3-ae05-90baa7f3b1a0,ffbf8898-c029-4a9f-ac90-07396bd0cc31,Jenine75 Romaguera67,F,GENERAL PRACTICE,9300 VALLEY CHILDRENS PLACE,MADERA,CA,93636,472,
8b333892-f77f-4b94-a43d-db2b63e2f6fe,1494d29f-a46c-4597-929e-8f91ada059fa,Rosario163 Corwin846,M,GENERAL PRACTICE,1201 W LA VETA AVE,ORANGE,CA,92868,1377,
59d9f562-7a35-43b9-a4a1-601d5be19567,4a16a4d9-d108-40d8-bab8-65fcdd971ee5,Stephani232 Howe413,F,GENERAL PRACTICE,725 WELCH ROAD,PALO ALTO,CA,94304,1168,
78108df2-ae83-43b6-a036-53d8b094545f,f1d6539c-982c-472a-86cd-73a949feb303,Dane516 Zulauf375,M,GENERAL PRACTICE,2569 W Woodland Dr,Anaheim,CA,92801,50,
20bb24d4-12c8-4550-ab13-0423ba838f2e,868d4c47-bba5-45f0-92bb-fa65b0a93b54,Marcela739 Henríquez109,F,GENERAL PRACTICE,1149 West 190th Street,Gardena,CA,90248,28,
96e96c5a-f2c6-4b82-bcf3-2ddc81a18d8e,9c2cff4d-db1b-4505-8d12-2dbae5b6b1f7,Rocio28 Arevalo970,F,GENERAL PRACTICE,5730 Uplander Way Suite 100,Culver City,CA,90230,3,
b341f024-7189-4a0b-b535-8428b2134738,14d430ab-062f-4ddf-bb80-672d5bf5b950,Orval846 Rau926,M,GENERAL PRACTICE,3409 CALLOWAY DRIVE,BAKERSFIELD,CA,93312,4,
ab244b84-0017-4354-a25b-6b39274732aa,2f4b9c5f-b256-4395-ac9a-c9ad3117d6a6,Sergio619 Becker968,M,GENERAL PRACTICE,2921 SOUTH SAVIERS ROAD,OXNARD,CA,93033,8,
1da20f4c-a0b1-4853-8b45-b75cad611d16,67cfa9b3-4537-40f2-bcbd-7544db58d430,Venessa867 Hessel84,F,GENERAL PRACTICE,2702 LOW COURT,FAIRFIELD,CA,94534,9,
a80724e5-eea2-4b90-99ef-77b20ef06209,6b2c307c-4634-45b7-977d-64a05dd7f1dc,Merrie964 Sipes176,F,GENERAL PRACTICE,1601 NORTH MONTE VISTA AVENUE,CLAREMONT,CA,91711,1,
634ab047-5582-45a3-a389-5760aafecdb9,322c1704-29a0-4813-a235-cca1ab8039cb,Jess275 Osinski784,M,GENERAL PRACTICE,1717 SOUTH MAIN STREET,MILPITAS,CA,95035,2,
7c955ca6-7942-429a-86e7-6bf384189ddd,837924ff-0393-43cc-9e70-0d8728a76b31,Guillermina633 Reynoso837,F,GENERAL PRACTICE,2700 INTERNATIONAL BOULEVARD,OAKLAND,CA,94601,25,
712e3401-4be9-4ca0-82f0-14348adb7e06,f11baad2-842f-45f5-956d-c53d6d95917c,Lindsay928 Kshlerin58,F,GENERAL PRACTICE,11645 WILSHIRE BOULEVARD,LOS ANGELES,CA,90025,4,
7a519bc7-3e00-4c86-919e-4c018fc0c4b3,e8a0c041-e802-42e7-b169-c2c4ed351acd,Angeline97 Kiehn525,F,GENERAL PRACTICE,1324 GRANT AVENUE,NOVATO,CA,94945,9,
93c25973-63be-438c-b54a-c0cb63542adc,7fa20b36-a478-4783-8138-1c30baa2cb77,Chase54 Bernhard322,M,GENERAL PRACTICE,1782 WEST HAMMER LANE,STOCKTON,CA,95209,28,
29eb9e44-2217-4cb9-8c7e-d06f3e388f3a,9713b583-faf2-46a8-a4a3-1aa4cfa188c6,Deloras136 Rolfson709,F,GENERAL PRACTICE,4635 FREEPORT BOULEVARD,SACRAMENTO,CA,95822,312,
b287d6b2-28e9-4489-a8aa-b1df3a08743d,5c20d547-e71c-4156-bc1f-76cce629fb38,Florentino8 Deckow585,M,GENERAL PRACTICE,285 HOSPITAL DRIVE,CHOWCHILLA,CA,93610,2,
21c683e4-23cb-405a-bdcf-dc7a4dd581bd,61ef98ab-f9de-4e12-bf7d-1e7f292a4fcc,Tama137 Torphy630,F,GENERAL PRACTICE,11600 VENICE BOULEVARD,LOS ANGELES,CA,90066,452,
609b24a9-bc96-4fde-ae9a-bd2d4d8ca2eb,f62bd8c0-4975-4f59-8d9e-d7caf677c79c,Ryan260 Ferry570,F,GENERAL PRACTICE,220 SOUTH MOONEY BOULEVARD,VISALIA,CA,93291,5,
58926810-9236-4ad4-a4c4-7de19d1d662e,a311b0dc-5362-4409-b4d8-305eee52d249,Débora815 Barrientos891,F,GENERAL PRACTICE,2450 SISTER MARY COLUMBA DRIVE,RED BLUFF,CA,96080,2,
0dcfe5ec-e59c-4561-83df-2e5c2a2dd866,9371ffda-efbf-4dac-8059-268df7374427,Theron432 Torp761,M,GENERAL PRACTICE,210 BALDWIN AVENUE,SAN MATEO,CA,94401,401,
ce88d434-dd9f-4ba8-966a-df99eabb4615,fce7af67-b393-4967-9f74-ea4227017f76,Cristian531 Tamez493,M,GENERAL PRACTICE,235 EAST NOBLE AVENUE,VISALIA,CA,93277,1,
bc7c3fcd-2823-4d5d-8d2c-d76169eaf1bd,06b4253a-0962-4539-be6a-3d20923b918b,Clifford177 Medhurst46,M,GENERAL PRACTICE,1070 NORTH CHERRY STREET,TULARE,CA,93274,4,
232d00da-16c9-4b90-bb72-ba175107130e,ec04d422-5de1-40c6-9c16-4a34da12bf10,Fredric73 Kunde533,M,GENERAL PRACTICE,2587 MERCED STREET,SAN LEANDRO,CA,94577,40,
ab04c64c-df50-404c-a8e0-ee3512724a8f,64ff5f8f-6693-441d-8661-1de8db31f72e,Nida800 Bins636,F,GENERAL PRACTICE,1756 NORTH MAIN STREET,SALINAS,CA,93906,6,
1f514305-3ca7-474b-ac9c-ba74605f71ba,46051f89-4f54-4f37-a748-399940a2d68a,Jesenia223 Bins636,F,GENERAL PRACTICE,25500 RANCHO NIGUEL ROAD,LAGUNA NIGUEL,CA,92677,3,
3ec5e03e-f69e-409f-b4d2-5626a245efb7,d241c5d4-d829-4501-adc6-a16d55f3abca,Ali918 Nicolas769,F,GENERAL PRACTICE,1930 EAST HATCH ROAD,MODESTO,CA,95351,1,
bbbc13fa-bae7-4c23-be63-f87ba03e400e,61184be8-3667-4a1b-be5b-657aa3ddf57b,Wilford267 Dicki44,M,GENERAL PRACTICE,600 COFFEE ROAD,MODESTO,CA,95355,14,
e2235380-6dd7-4473-8b00-dcc3478e1357,ab0323d5-64c1-43d4-85b5-9ec08040a091,Santos184 Konopelski743,M,GENERAL PRACTICE,18522 OUTER HIGHWAY 18,APPLE VALLEY,CA,92307,12,
031fb96c-4ae7-411b-aaf6-81dfc781b2ef,d8f41718-90aa-4689-9b8e-925788f256bd,Sergio619 Juárez383,M,GENERAL PRACTICE,1203 MISSION STREET,SANTA CRUZ,CA,95060,1,
c8058066-8277-482f-8517-debe923e8742,f347d302-27c2-4ea3-acdd-9f36059b0850,Andrea7 Cervántez278,F,GENERAL PRACTICE,1763 RAMADA DRIVE,PASO ROBLES,CA,93446,7,
429f578d-1a83-4feb-a64c-d1ab11aba010,0820fc51-87b5-436f-9d13-dfe7819ca46c,Randell912 Wuckert783,M,GENERAL PRACTICE,8891 CENTRAL AVENUE,MONTCLAIR,CA,91763,9,
1bd192e8-1b14-4f98-9466-74db5d65e189,ae2300ef-5cf4-43c4-a5dc-4a5a1a9830e1,Terrance440 Kunde533,M,GENERAL PRACTICE,41949 BIG BEAR BOULEVARD,BIG BEAR LAKE,CA,92315,1,
f67e06a0-28e4-4405-84e1-45ecff473a20,34c651a4-1220-4735-9ced-6edd5ab84121,Levi940 Torphy630,M,GENERAL PRACTICE,58471 29 PALMS HIGHWAY,YUCCA VALLEY,CA,92284,3,
527109f9-844c-4601-b0b0-0d040b0c519b,0fb8515b-8d10-4063-b339-2f719e1b50bd,Gilbert263 Haag279,M,GENERAL PRACTICE,11026 EAST VALLEY MALL,EL MONTE,CA,91731,8,
8ec099a9-0b0e-4a5b-9bc2-0f271d76af16,3e92b985-33e2-4f39-a1db-2118d14aacea,Lashon823 Schumm995,F,GENERAL PRACTICE,1555 WEST 5TH STREET,OXNARD,CA,93030,10,
2f79292c-d8d9-42ba-b889-6ddf840ddc6a,32364502-6991-427b-97d6-9d8661f2098f,Maia476 Flatley871,F,GENERAL PRACTICE,4305 TORRANCE BOULEVARD,TORRANCE,CA,90503,1,
99506c23-fe9a-4543-af12-24eb5a9b8178,a6fea21b-e1e8-4b5f-81b0-a4254deec146,Wilford267 Pfeffer420,M,GENERAL PRACTICE,1525 WEST FLORIDA AVENUE,HEMET,CA,92543,13,
2b2a525b-c54d-43bf-84d3-7c448ddef324,14ec7237-97b6-4ba1-bef7-ec19207b1016,Efrain317 Sauer652,M,GENERAL PRACTICE,420 WEST ROWLAND STREET,COVINA,CA,91723,7,
c7bdf633-35be-456f-99c6-726a0fbec39b,e363ce6a-a80e-44a8-98b3-ebcc01807f69,Chadwick722 Bosco882,M,GENERAL PRACTICE,1770 NORTH ORANGE GROVE AVENUE,POMONA,CA,91767,20,
8949d046-4697-45de-b707-6a56c9d98cd1,c01845bb-b388-483d-a401-4faceba0eb45,Rubén780 Echevarría842,M,GENERAL PRACTICE,9201 WEST SUNSET BOULEVARD,WEST HOLLYWOOD,CA,90069,5,
d76c5c61-0aa6-4dc8-a979-6267152ef6c1,f0528d3a-6257-4940-b818-6716ce29c4d3,Isabela97 Zelaya592,F,GENERAL PRACTICE,3128 SANTA RITA ROAD,PLEASANTON,CA,94566,24,
99460314-d218-4c25-bd53-25bba66ba8d0,4cf6b3a5-4e3e-4d5b-961d-21f77977b593,Brittni468 Pacocha935,F,GENERAL PRACTICE,325 WEST CHANNEL ISLANDS BOULEVARD,OXNARD,CA,93033,4,
0bc9bf5d-42fb-4452-a66e-f826d9ea9342,c6badeb9-c6dd-4cc4-8d20-20292ff53e7a,Terra840 Boyle917,F,GENERAL PRACTICE,2382 CRENSHAW BOULEVARD,TORRANCE,CA,90501,8,
cc1cb1e7-8055-4116-b4aa-4d8e61fd988f,814d5f04-f94a-4681-bee6-941166e298d4,Damien170 Sawayn19,M,GENERAL PRACTICE,2600 REDONDO AVENUE,LONG BEACH,CA,90806,49,
a16aa833-a20c-4ad1-b46d-44b2b2047882,6d2ed37d-c42c-4223-b065-610b659e900c,Jackie93 Pagac496,M,GENERAL PRACTICE,1130 WEST OLIVE AVENUE,BURBANK,CA,91506,8,
d76929d1-3349-4b58-90b4-849554ef1644,1dea305c-2e1d-4f45-be8b-3254f1886039,Margarita164 Beltrán716,F,GENERAL PRACTICE,1505 MAIN STREET,WATSONVILLE,CA,95076,1,
17906923-4351-4001-82f7-a47eef625444,aaaa2f99-0867-4f19-ab36-84362279fa2a,Sherie778 Hodkiewicz467,F,GENERAL PRACTICE,1037 EAST PALMDALE BOULEVARD,PALMDALE,CA,93550,13,
eccdc335-eadb-4f34-85e6-83c3bc7b8774,c933eff7-cce8-4b02-8b1c-da26fc4962b5,Bradford382 Volkman526,M,GENERAL PRACTICE,5810 EL CAMINO REAL,CARLSBAD,CA,92008,14,
be2f7b87-6bd2-4ad6-87fa-b42475dad4a9,b8fb7ba1-d69f-49af-9f61-6888719799bc,Gema698 O'Conner199,F,GENERAL PRACTICE,2103 PICKWICK DRIVE,CAMARILLO,CA,93010,2,
642f1f82-5fe3-4a7e-871c-59c68c53533b,6743eb85-3d0f-4aa7-8f74-f01c9cb6b606,Lezlie553 Heathcote539,F,GENERAL PRACTICE,101 CASA BUENA DRIVE,CORTE MADERA,CA,94925,82,
c3ac9209-ca55-45cf-81ef-106b5fa3a861,ae22b742-ce7e-4867-9cf1-07684e7d2043,Quinn173 Block661,M,GENERAL PRACTICE,247 WEST HARVARD BOULEVARD,SANTA PAULA,CA,93060,1,
e20d6d39-7838-4228-8a16-c9e861af7cae,e8021617-7d34-4fdf-ba12-4a8ba7492997,Alphonso102 Lebsack687,M,GENERAL PRACTICE,2603 VIA CAMPO,MONTEBELLO,CA,90640,5,
8039505e-4739-4b85-8060-08a7d37fa104,4ee9a1f4-571e-4855-af02-de27605cc7c0,Prince887 Dietrich576,M,GENERAL PRACTICE,26516 CRENSHAW BOULEVARD,PALOS VERDES PENINSULA,CA,90274,9,
1da67fdd-96a1-4966-b0ba-4f52472d96f3,e71dc7e7-f448-47b1-aa12-5fe896626463,Shad704 Tromp100,M,GENERAL PRACTICE,605 EAST BADILLO STREET,COVINA,CA,91723,9,
d5dea3e6-fd9d-4239-9ed9-e9586ee69a3c,b3b50054-80ee-4e05-9ce7-719bec4876b7,Alvin56 Kertzmann286,M,GENERAL PRACTICE,8292 EAST TELEGRAPH ROAD,DOWNEY,CA,90240,5,
cc2b84dc-9221-4784-94b1-2b86594f257b,66e549e3-c076-4c4d-a0da-0aad17bf9e61,Billy698 Hand679,M,GENERAL PRACTICE,1001 BLAIR AVENUE,CALEXICO,CA,92231,11,
e4339e02-6de3-4121-8852-634fedd4562f,12101bdb-2a89-4be2-a7d2-b1367ae47318,Harold594 Koepp521,M,GENERAL PRACTICE,840 TOWNSITE DRIVE,VISTA,CA,92084,35,
9b185a38-0948-4999-9778-52b36a7f662c,d77a51cc-d9d5-487b-b809-db87fad8c871,Donald774 Metz686,M,GENERAL PRACTICE,8090 PARKWAY DRIVE,LA MESA,CA,91942,24,
cfc98fc0-90e2-4800-aa85-032522e652cc,1083eead-f58b-4d8e-97c5-2c2d5e4bf057,Marylin690 Friesen796,F,GENERAL PRACTICE,215 SOUTH HICKORY STREET,ESCONDIDO,CA,92025,264,
f5fea7af-e581-4c6b-a1d0-7249b2df4dbf,f2a67b0c-66e1-42c3-aa7f-bbd028cdd734,Sueann178 Kerluke267,F,GENERAL PRACTICE,275 NORTH EL CIELO ROAD,PALM SPRINGS,CA,92262,6,
6256a6c0-52ab-4ee2-aea0-d091d489eab5,5bf57049-c31c-43dd-acfb-bcc0e800a6ee,Clair921 Rosenbaum794,M,GENERAL PRACTICE,7265 NORTH FIRST STREET,FRESNO,CA,93720,1,
0a269a42-f95f-4632-a422-5fbd85192929,2e9b46ee-f104-408a-990d-acd7d8b32224,Jeffery551 Paucek755,M,GENERAL PRACTICE,500 SOUTH CORONA MALL,CORONA,CA,92879,345,
642264b4-9398-4eb5-8fa3-970c3c228ac0,ba6af8ef-eedf-4441-bd45-c7a24e73d0e8,Belen306 Hudson301,F,GENERAL PRACTICE,525 3RD AVENUE,CHULA VISTA,CA,91910,41,
b525c382-81ba-444c-a6a0-189bfb902dcb,d05ac3cd-ee80-49f2-8dcb-77e6a094af7a,Marcel580 Eichmann909,M,GENERAL PRACTICE,80545 UNITED STATES HIGHWAY 111,INDIO,CA,92201,14,
0bf079d6-e231-44af-aaa9-a56235efbc93,2b617a4e-b846-4a17-a669-a3c2a915c641,Gearldine455 Leuschke194,F,GENERAL PRACTICE,2610 TUOLUMNE STREET,FRESNO,CA,93721,591,
fbbba4ca-d065-47f2-8eff-3dd6b08be0e2,8715270f-c438-4177-9959-8480b72ee744,Lupe126 Grimes165,F,GENERAL PRACTICE,1300 AVENIDA VISTA HERMOSA,SAN CLEMENTE,CA,92673,6,
38aa62a2-874c-4790-9f8d-5f2a480b5d26,534ddbfa-a5cb-4537-988c-6edc7a9b5ff7,Lorenzo669 Corrales691,M,GENERAL PRACTICE,800 CORPORATE DRIVE,LADERA RANCH,CA,92694,4,
6b348f6e-5fba-46d6-9331-1955c05cf4e5,071dfb57-e99f-4397-8a5d-8d3f30608eca,Arlette667 Collins926,F,GENERAL PRACTICE,15626 HESPERIA ROAD,VICTORVILLE,CA,92395,14,
75a287fb-1c0f-4759-8e2f-51da10d6ec27,d2a3f363-471f-49b7-ad1a-967356b3427f,Ramiro608 Muñiz642,M,GENERAL PRACTICE,2025 EAST STATE ROUTE 66,GLENDORA,CA,91740,15,
6fb82c26-c599-40e1-921a-316a651675bb,a0e2cbca-3d5c-4173-b377-c4854811b4fe,Cathleen724 Rath779,F,GENERAL PRACTICE,48677 VICTORIA LANE,OAKHURST,CA,93644,1,
c50dfd9e-8d86-44c9-9610-21e9af69f0ac,85481189-7dd2-4b79-b7be-159748195e5d,Dovie983 Hagenes547,F,GENERAL PRACTICE,13152 NEWPORT AVENUE,TUSTIN,CA,92780,48,
a123e28f-7c76-4667-967c-b0f5b61255ed,9027a7b3-f8a7-41a6-9154-81b2ad239438,Leonora414 Beahan375,F,GENERAL PRACTICE,220 HOSPITAL DRIVE,VALLEJO,CA,94589,15,
cb55a958-6459-43be-9ace-a9e94fea44f3,1ddd0faf-8c7e-418a-bdee-4f54d7ab6cd4,Vicente970 Iglesias873,M,GENERAL PRACTICE,2305 SUNSET BOULEVARD,ROCKLIN,CA,95765,9,
2d8a3cc5-c570-46fc-8cd2-db4cf9bff6c4,b1e57bd9-8703-4e55-bec0-3e825751d380,Noble66 Ankunding277,M,GENERAL PRACTICE,544 NORTH GLENDALE AVENUE,GLENDALE,CA,91206,26,
c26e8136-9e92-41ba-a2d9-0a417011765d,a78419b8-35b1-4559-af0b-a8789002d3e2,Fernando603 Montoya249,M,GENERAL PRACTICE,18561 BEACH BOULEVARD,HUNTINGTON BEACH,CA,92648,19,
a402fe90-6ea8-45a2-aad8-2be60150e1ee,5e04133d-dfa2-483e-8063-2edc824d2928,Miguel815 Montes106,M,GENERAL PRACTICE,551 MCCRAY STREET,HOLLISTER,CA,95023,1,
b7065bc9-2ef5-4487-8ea9-be5cb54cd9a3,d622c3ae-539b-4044-92ee-5bcd42dd793f,Columbus656 Williamson769,M,GENERAL PRACTICE,117 EAST LIVE OAK AVENUE,ARCADIA,CA,91006,22,
d207ac65-ca1c-4f4e-82e4-633d452e9890,40cca019-1c29-4aba-9cc8-922b00f75004,Myrta75 Wiza601,F,GENERAL PRACTICE,600 NUT TREE ROAD,VACAVILLE,CA,95687,2,
eb5a5cc1-ef7f-420a-9f58-9a698fa50d91,55ab5a07-b230-4bc4-ae4a-1591a80e0100,Ulysses632 D'Amore443,M,GENERAL PRACTICE,2400 BALFOUR ROAD,BRENTWOOD,CA,94513,3,
2e978255-beb9-498f-a62c-1ecefbca4da0,68e19554-7b47-497e-b312-b72b03e6d49a,Bernardo699 Konopelski743,M,GENERAL PRACTICE,21311 MADRONA AVENUE,TORRANCE,CA,90503,5,
5dd03a70-2e25-4708-87f2-a3e50915e982,516a9935-0187-4e33-9d6f-c570e86c90cd,Jorge Luis88 Valenzuela371,M,GENERAL PRACTICE,1775 3RD STREET,ATWATER,CA,95301,2,
45b72844-b288-4d36-9d34-5ca0666fbe2b,d549e76b-1f4c-4e69-b981-4cd2b07cb1eb,Magdalen131 Will178,F,GENERAL PRACTICE,5875 CLARK ROAD,PARADISE,CA,95969,4,
4b5d97de-e39a-4133-9437-8efc7028c7e5,5e56e88b-24b6-4ccb-9320-bfa97a135d66,Carmen818 Calderón210,F,GENERAL PRACTICE,4948 SAN JUAN AVENUE,FAIR OAKS,CA,95628,16,
ac360dce-f42a-43b1-b275-7a37306ec2a8,f77a6fc6-6bec-4bf6-9098-8af790d8e474,Essie785 Stehr398,F,GENERAL PRACTICE,2499 SOUTH WILMINGTON AVENUE,COMPTON,CA,90220,226,
394187d4-75cc-4643-906f-094957abde7c,18c1e68a-b500-47e3-9421-a73ae2a16bcc,Halley419 Langosh790,F,GENERAL PRACTICE,2600 PARK AVENUE,CONCORD,CA,94520,9,
aee78829-cc30-4045-a997-1ab8a2fe120f,4cb14197-e9f0-4238-98ad-5f35386df0ba,Lacresha805 Greenholt190,F,GENERAL PRACTICE,1010 NORTH SEPULVEDA BOULEVARD,MANHATTAN BEACH,CA,90266,2,
2fa5901e-397c-45b8-9cdb-02a3fc5b7063,9349b693-a0cf-4a93-a523-1756a87f427f,Mickey576 Stroman228,M,GENERAL PRACTICE,2455 SAN RAMON VALLEY BOULEVARD,SAN RAMON,CA,94583,5,
a6994366-f59b-43ff-86cc-cfeadccf8397,95e0ca37-3323-48be-b40c-1845c14384f6,Gregorio366 Henríquez109,M,GENERAL PRACTICE,1455 MONTEGO,WALNUT CREEK,CA,94598,1,
17e44206-63e5-42c8-973a-fd7de1f79476,4adb1195-4534-435f-86ac-ab50987b33fd,Kirsten270 Gerhold939,F,GENERAL PRACTICE,6651 MADISON AVENUE,CARMICHAEL,CA,95608,2,
8a680cc8-32d7-47b0-9e27-2a21be7cca65,d7760b8c-eef4-41d0-b277-25cf85b72313,Aiko748 Wiza601,F,GENERAL PRACTICE,869 WEST LACEY BOULEVARD,HANFORD,CA,93230,8,
d0c2ae89-f557-4b7a-94f2-7551139950df,afb7376d-4286-4905-93d7-cac86639067c,Isabel214 Barela183,F,GENERAL PRACTICE,520 NORTH PROSPECT AVENUE,REDONDO BEACH,CA,90277,17,
e21885af-cc16-442b-9dbb-53aec2d715b5,f1b2263b-d016-40f1-ab03-c38a40a9a500,Adela471 Soto31,F,GENERAL PRACTICE,1555 SHAW AVENUE,CLOVIS,CA,93611,10,
966a9475-51cc-44e8-8e87-55454f23fda1,8b2fbfc9-e32c-456f-904e-ff4177e923d1,Porfirio146 Predovic534,M,GENERAL PRACTICE,10732 JEFFERSON BOULEVARD,CULVER CITY,CA,90230,501,
564b7da6-597e-4467-8282-5b673fcf4abd,7722ac2f-e81e-4f9b-9c75-feb15f8a3d36,Augustine565 Schneider199,M,GENERAL PRACTICE,7586 BROADWAY,LEMON GROVE,CA,91945,5,
8b45c499-25df-49c7-a730-9dc57d8076c2,09370934-c03e-4fe8-b2f7-855dcb1a93da,Barton704 Hartmann983,M,GENERAL PRACTICE,8170 LAGUNA BOULEVARD,ELK GROVE,CA,95758,12,
4c906f48-12eb-4c9d-adfb-219d287428db,5282836e-382f-4856-995f-e7194965d32c,Ernesto186 Vela532,M,GENERAL PRACTICE,1241 EAST HILLSDALE BOULEVARD,FOSTER CITY,CA,94404,9,
9be1f869-8db2-4848-872d-b3f4b0263538,68204e71-46d1-45dc-8445-a15be8f7b3b8,Cira533 Smitham825,F,GENERAL PRACTICE,1287 FULTON ROAD,SANTA ROSA,CA,95401,300,
0cc94418-adcf-40b6-9ebc-baed07cc95f7,106b0c53-e4ab-4c51-900a-6b052e092393,Gabriel934 Aparicio848,M,GENERAL PRACTICE,1600 CREEKSIDE DRIVE,FOLSOM,CA,95630,2,
52094702-f8d7-4327-9e2c-f3428116ec7f,0609af60-a9d9-47c4-8266-b6d5f89f5c36,Lonny638 Wisoky380,M,GENERAL PRACTICE,24582 DEL PRADO,DANA POINT,CA,92629,2,
fad22b13-9541-4813-b2cc-776f16c7f08c,72c0ddc6-ec16-4d7e-9799-9b3e6bcc98ef,Estelle478 Schuster709,F,GENERAL PRACTICE,26700 TOWNE CENTRE DRIVE,FOOT HILL RANCH,CA,92610,3,
1881369a-6a62-4eb2-9d0c-25509c0f79df,83b9a88a-e4fe-43d7-9797-2c9704ca6d01,Earle679 Ernser583,M,GENERAL PRACTICE,1111 BROADWAY,CHULA VISTA,CA,91911,5,
4fff6f02-fa13-4070-a1a9-84df4c8beecd,7742d9a1-238b-406a-a79f-90e20171a1af,Abram53 Kilback373,M,GENERAL PRACTICE,1303 NORTH EUCLID STREET,ANAHEIM,CA,92801,4,
e68152c5-3b4d-4e05-b168-0692e6ceeada,69ef3e09-4373-4f93-8c2e-3c2ec8fe18d7,Margarita164 Gracia333,F,GENERAL PRACTICE,505 NORTH MAIN STREET,SANTA ANA,CA,92701,22,
e607d55c-d715-4a26-b404-0f68602588b4,1bd7e132-9383-4fd3-a99f-9760d2f0fe2f,Gino587 Huels583,M,GENERAL PRACTICE,145 THUNDER DRIVE,VISTA,CA,92083,11,
c6ed33ad-4624-4527-808c-84572a30c034,9f0fb649-08e6-47b8-9765-51c98efb250c,Sonny285 Kertzmann286,M,GENERAL PRACTICE,283 MADONNA ROAD,SAN LUIS OBISPO,CA,93405,1,
fc09a34b-791b-43f2-aae3-a675eaca3a5d,13e198b9-a002-417b-855b-e73376b08c68,Shane235 Dietrich576,M,GENERAL PRACTICE,801 CORPORATE CENTER DRIVE,POMONA,CA,91768,5,
93a21348-144e-451e-9e70-6ea08559cffe,bfb7ef6e-f1fb-485e-a746-0f65f6be3297,Wen848 Kautzer186,F,GENERAL PRACTICE,46690 MOHAVE DRIVE,FREMONT,CA,94539,12,
74893d3b-44b1-4664-8d10-207c6abaa1e5,4e1f349f-353b-45d1-9117-b4b0909cfd44,Devin82 Bergnaum523,M,GENERAL PRACTICE,102 MILE OF CARS WAY,NATIONAL CITY,CA,91950,15,
d2ad95ba-5ccd-4aa8-a9b3-29f83ab9ce3b,c8fe6808-c22e-4b1f-b2cd-4f6e82acd32d,Deane47 Wuckert783,F,GENERAL PRACTICE,2850 7TH STREET,BERKELEY,CA,94710,22,
65ea3e4e-74ba-4c90-baa2-cee393088775,6001d2a7-326f-4ebd-89a1-5cdf7e72b0ba,Lasandra232 Rowe323,F,GENERAL PRACTICE,101 ADKISSON WAY,TAFT,CA,93268,1,
514cb15a-d83c-45af-b4ad-967c55ec0cf3,5791a5f1-d5f1-4490-8414-b2ba4b7b98cc,Max124 Sanford861,M,GENERAL PRACTICE,23962 ALICIA PARKWAY,MISSION VIEJO,CA,92691,20,
9a489ff3-751f-4d33-84a3-85fbb2555a14,cf9a5870-54c5-419d-ab56-e38d2b3b6d59,Larissa293 Langworth352,F,GENERAL PRACTICE,1595 GRAND AVENUE,SAN MARCOS,CA,92078,14,
8ea05cc6-1649-486f-95eb-d6ed17c45f04,26259f52-aec5-4676-bd2a-a61c7286cafe,Claudio955 Jerde200,M,GENERAL PRACTICE,234 BAKER STREET,BAKERSFIELD,CA,93305,87,
1b6b6785-54ae-45ec-93b9-f30f850f0561,eada0db1-6114-46d1-9c1c-b0f918a3c8b5,Belkis212 Boyle917,F,GENERAL PRACTICE,6538 TELEGRAPH ROAD,COMMERCE,CA,90040,1,
1d4224a7-0551-4368-b71a-aa32e49c58d2,07b2ddd7-2888-48fc-b21c-0b3311be3351,Beverley336 Labadie908,F,GENERAL PRACTICE,5920 WEST MALL ROAD,ATASCADERO,CA,93422,1,
38e75c09-c70b-4e34-be85-1d6d6ed58832,71cc30fd-0a06-41dc-b343-51306fc451ee,Blake449 Bashirian201,M,GENERAL PRACTICE,9745 PROSPECT AVENUE,SANTEE,CA,92071,111,
ddcfff26-3ff3-43c6-86dc-0a597f8471fe,ba62fa8d-d9ed-4c50-baec-ef212d8b1eb3,Arianna984 Jacobson885,F,GENERAL PRACTICE,7140 INDIANA AVENUE,RIVERSIDE,CA,92504,6,
336e4191-db14-4278-8131-9e3c6a3cf7ba,56788037-c0ef-4be6-ba4c-2e174f000651,Ron353 Schinner682,M,GENERAL PRACTICE,3419 BROADWAY STREET,AMERICAN CANYON,CA,94503,65,
06b1dbf9-2d31-4b0a-b7f9-b2722c3a2a3c,536c2e08-ef88-4003-8d76-2e7d97c9e4fc,Horacio317 Olson653,M,GENERAL PRACTICE,3689 EUREKA WAY,REDDING,CA,96001,11,
3a193e30-c3af-4b55-a5bb-835a7faf4ab7,da41434f-0c60-45a3-a94e-0930ba4ad00a,Nakita746 Hermann103,F,GENERAL PRACTICE,1825 CIVIC CENTER DRIVE,SANTA CLARA,CA,95050,141,
ca2bcc51-e72a-43b8-acf7-06bf51e7329b,14403e2a-3489-4bdb-826f-051a7d95475f,Wynona930 Stroman228,F,GENERAL PRACTICE,18326 PIONEER BOULEVARD,ARTESIA,CA,90701,28,
b2d7189e-6c8d-4c24-ac20-50375664cd1b,5861b292-ce76-48d1-a713-9eff0a7747f6,Rosio404 Graham902,F,GENERAL PRACTICE,816 NORTH MILPAS STREET,SANTA BARBARA,CA,93103,19,
0b5fb46c-8641-4882-a129-ce85c23a6399,65c88cc9-773c-4230-b584-a8f535185a3f,Sterling124 Mosciski958,M,GENERAL PRACTICE,5475 EAST LA PALMA AVENUE,ANAHEIM,CA,92807,121,
e54bc77d-2056-4bd8-84e9-5099b24739df,2241e68e-44ef-4990-8f42-4d691abd479d,Nelida367 Klein929,F,GENERAL PRACTICE,620 EAST JANSS ROAD,THOUSAND OAKS,CA,91360,27,
7452589c-5f00-48b6-9b93-c35bb7eb6d44,1fa0047d-2c98-4083-ad29-69518278a6fb,Vincenza112 Beier427,F,GENERAL PRACTICE,12751 HARBOR BOULEVARD,GARDEN GROVE,CA,92840,104,
e2212df0-0586-4712-afe2-fa1d589095fa,58e7d509-f722-4f87-b0c1-53f461df1a24,Winfred745 Bashirian201,M,GENERAL PRACTICE,5725 RALSTON STREET,VENTURA,CA,93003,16,
b76be4a4-56fe-4c2a-b66a-fe97d153de2c,be048841-90cf-4f31-8c3f-49063408989f,Erasmo545 Quitzon246,M,GENERAL PRACTICE,16100 SAND CANYON AVENUE,IRVINE,CA,92618,26,
061e2c70-c2ab-4c11-9cb1-f72c721a9d07,3f7ebe32-e723-4279-acf2-949bc116b64b,Seymour882 Considine820,M,GENERAL PRACTICE,590 WEST PUTNAM AVENUE,PORTERVILLE,CA,93257,1,
b2d1075b-0c95-4fcd-9daa-6816e9de5dfa,60f018b5-73b4-423d-bc1c-55ef4ad036b9,Faustino767 Deckow585,M,GENERAL PRACTICE,2020 SUTTER PLACE,DAVIS,CA,95616,10,
f9fe3743-2b47-4607-83d7-449cb013f449,6398904b-3029-4f96-beaa-702aa28c12b5,Gloria696 Briones478,F,GENERAL PRACTICE,1429 COLUSA HIGHWAY,YUBA CITY,CA,95993,6,
0bb23fab-eac4-45d9-88d5-0c9d86e67c39,9e089bfe-9164-4dbe-95d4-976e6fbae208,Stephen891 Olson653,M,GENERAL PRACTICE,26 CENTERPOINTE DRIVE,LA PALMA,CA,90623,105,
b8726039-ea2b-47d7-8db2-b9b4967058b1,c7ee1f39-eb00-4382-8d29-21af7651fbc4,Jackie93 Jaskolski867,M,GENERAL PRACTICE,2644 M STREET,MERCED,CA,95340,7,
2fd1846c-a1c3-4183-ba99-255c6103bd2e,2c6beae9-ab6a-43a1-8ace-ecbe6c854c33,Ervin886 Hahn503,M,GENERAL PRACTICE,422 ARNEILL ROAD,CAMARILLO,CA,93010,1,
18e031ca-de11-4901-ac8b-566d7e8b3dd8,df033929-28eb-4b3e-a7df-cbc630acc954,Allan198 Nienow652,M,GENERAL PRACTICE,1500 WEST WEST COVINA PARKWAY,WEST COVINA,CA,91790,9,
895f6b59-bc0c-49a8-9ec4-e2f0bf992183,1a3f9f88-7506-4e4a-95bb-0c9816b7eedc,Darell496 White193,M,GENERAL PRACTICE,5 JOURNEY,ALISO VIEJO,CA,92656,5,
a9a5902b-f90a-4c96-9909-a9ac39828510,3c91e63f-4ea5-4e8e-a864-1392a08832aa,Graciela518 Jiménez568,F,GENERAL PRACTICE,201 SOUTH B STREET,MADERA,CA,93638,6,
19e3bb3d-a685-4a47-8c43-3cd5cb704df6,ee767832-de24-4ba7-9d85-a5e7981027aa,Willie882 Moore224,M,GENERAL PRACTICE,12586 AVENUE 408,OROSI,CA,93647,9,
d6792f67-7ada-4d14-a650-699fbf370ffc,1da33a4d-a61c-4e97-99d6-26a336057678,Harriet337 McKenzie376,F,GENERAL PRACTICE,11817 EAST TELEGRAPH ROAD,SANTA FE SPRINGS,CA,90670,22,
fd256943-1487-4f8d-bc19-b80c60f9cc71,c3ac9687-1433-4ebe-b458-ef9279a0b9a5,Hugh686 Osinski784,M,GENERAL PRACTICE,1101 SOUTH MILLIKEN AVENUE,ONTARIO,CA,91761,3,
09568992-f600-4443-90d2-971bd974f4a3,37a65930-e127-4a65-9aee-5184a651be9e,Richie600 Douglas31,M,GENERAL PRACTICE,7777 MILLIKEN AVENUE,RANCHO CUCAMONGA,CA,91730,13,
c4c4e6ec-5503-4453-b055-390ba98e0732,a565bbe0-562f-49a0-93b8-1bc185f82852,Rigoberto443 Herman763,M,GENERAL PRACTICE,192 BEACON STREET,SOUTH SAN FRANCISCO,CA,94080,32,
ce8ca995-3c67-40e8-b63a-b695970bc42c,eb19dbdd-41bf-4aa0-9fcb-07206db82935,Louanne686 Klein929,F,GENERAL PRACTICE,15603 HAWTHORNE BOULEVARD,LAWNDALE,CA,90260,22,
558b9cf9-ce4b-4b19-90bc-e4afe580cb00,910a0261-6ace-46fc-9904-1fb60301155a,Eusebio566 Abshire638,M,GENERAL PRACTICE,1450 MEDICAL CENTER DRIVE,ROHNERT PARK,CA,94928,7,
6f12b2aa-4385-4752-9c1d-b312fc562f87,e77ea565-d41f-44b9-b6d8-f031a8d0a780,Kathrine376 Hessel84,F,GENERAL PRACTICE,15611 POMERADO ROAD,POWAY,CA,92064,24,
250d88ac-40d4-47e7-8382-19c7aaba471f,fab94958-c3ca-4b3f-8d61-27af5a45c286,Irwin931 Schumm995,M,GENERAL PRACTICE,1893 MONTEREY ROAD,SAN JOSE,CA,95112,430,
9e477f60-1ede-46ce-a929-4bdc10b99353,f609d155-a891-433b-ba14-17fca69650e1,Kina737 Bruen238,F,GENERAL PRACTICE,3663 EAST ARCH ROAD,STOCKTON,CA,95215,17,
50e8cb65-ad0a-49c5-ba40-1a6c8d659334,108c286c-a45b-4490-9fce-d91ce9098bec,Loree183 Schowalter414,F,GENERAL PRACTICE,4000 CIVIC CENTER DRIVE,SAN RAFAEL,CA,94903,16,
5c9130e7-0b4a-4874-8528-02589b6453dc,26d15c89-416d-4270-a284-19afd28a48ae,Tiffiny991 Gottlieb798,F,GENERAL PRACTICE,2970 HILLTOP MALL ROAD,RICHMOND,CA,94806,8,
398dcd99-3033-4492-989b-94c056082c77,f099d7c5-bedc-4d2c-ac94-aaffe5182bee,Tyree261 Christiansen251,M,GENERAL PRACTICE,3838 SAN DIMAS STREET,BAKERSFIELD,CA,93301,165,
94825fdd-f132-478c-9745-a6a84609677b,5d8cb8a7-bb14-4c18-84db-ab44c815954c,Nicolás801 Jaime666,M,GENERAL PRACTICE,2025 SOQUEL AVENUE,SANTA CRUZ,CA,95062,202,
1a8192f6-f26e-46d3-9fee-498da35fd85c,9b15ed7a-0705-440d-b6a3-c05f5814924f,Francisca486 Garay400,F,GENERAL PRACTICE,851 EAST 6TH STREET,BEAUMONT,CA,92223,27,
f2842dba-e028-479a-b8e8-b1042162b099,b47a378e-8731-4917-9f61-8fd8bfc03306,Nathanael908 Hilpert278,M,GENERAL PRACTICE,3161 WALNUT AVENUE,FREMONT,CA,94538,10,
a7739a8d-065b-4329-859b-f199badb31c5,6418bedd-8e50-4401-af81-dfed509ed1b6,Tyree261 Boyle917,M,GENERAL PRACTICE,7798 CHERRY AVENUE,FONTANA,CA,92336,12,
abb27e80-55c1-4673-9af9-4894db52c4a2,a1e447f9-8a27-4a30-99b0-f3d9b70261a0,Debi992 Heaney114,F,GENERAL PRACTICE,24805 ALESSANDRO BOULEVARD,MORENO VALLEY,CA,92553,37,
e7642a18-c7a3-40e6-8e91-a1422b674656,726eddc3-28e1-43e8-b636-9cad47db1666,Pearle865 Champlin946,F,GENERAL PRACTICE,3208 SANTA ANITA AVENUE,EL MONTE,CA,91733,4,
4ce8d593-c1db-4e7e-b099-cb00e5cb62e3,f8c91083-6665-4b9e-9c88-6cd46fc8d0a3,Reyes140 Sipes176,M,GENERAL PRACTICE,24703 MONROE AVENUE,MURRIETA,CA,92562,2,
7ab54668-fb76-4622-8d06-d3b876cf2c96,667e4c4a-5a1b-4c3c-af99-f5a40c44b445,Adela471 Pizarro791,F,GENERAL PRACTICE,1028 NORTH LAKE AVENUE,PASADENA,CA,91104,7,
94076447-0fda-488d-8b4f-92a51a0f5461,7b2187fe-1a08-4c7c-b860-c662c375366f,Titus37 Mann644,M,GENERAL PRACTICE,14906 PARAMOUNT BOULEVARD,PARAMOUNT,CA,90723,14,
cbed903b-a5b5-434f-87f9-0544496298ee,45ff2ee8-aa8f-4a19-92ca-311dbc03e6b7,Maribel82 Wolff180,F,GENERAL PRACTICE,23961 CALLE DE LA MAGDALENA,LAGUNA HILLS,CA,92653,12,
071066ef-51c6-4f95-b95e-7309ea188e80,8367baae-590d-4f03-813a-a3738d2c8f4b,Emmanuel930 Runte676,M,GENERAL PRACTICE,271 NORTH FAIRVIEW AVENUE,GOLETA,CA,93117,138,
cee169f7-e82f-4e1f-bee4-a57e17993549,0666ba33-cdc0-44f5-bee6-1cd1dbfb34ba,Mónica985 Niño185,F,GENERAL PRACTICE,824 PINE STREET,MOUNT SHASTA,CA,96067,1,
1cd2c785-d359-4c89-8201-287a144abc57,b24dd434-ee78-471e-9ef7-ce8b15af392e,Kali995 Lakin515,F,GENERAL PRACTICE,506 WEST GRAHAM AVENUE,LAKE ELSINORE,CA,92530,1,
e2d80ce0-3f3d-49f2-8716-72dfd9d96590,703b522f-0a10-4633-a6fe-6bcc38fbd50d,Rosanne862 Ledner144,F,GENERAL PRACTICE,29738 RANCHO CALIFORNIA ROAD,TEMECULA,CA,92591,9,
416acfdb-39b7-451d-84a8-15269ba73ab3,912a54ed-651a-41ee-a639-fce269c338f3,Katherine209 Braun514,F,GENERAL PRACTICE,29851 AVENTURA,RANCHO SANTA MARGARITA,CA,92688,23,
6024067b-eacc-44da-abab-45d65ab6be35,fe22cb22-4fbe-4901-bd73-9a8dc9379199,Tiffani287 Schinner682,F,GENERAL PRACTICE,4316 SLAUSON AVENUE,MAYWOOD,CA,90270,13,
0ad820dc-cd59-4fbf-88fa-c0d52df7ecd5,3b0f3984-dce2-47ee-a3df-312f13ddf74b,Victorina579 Ziemann98,F,GENERAL PRACTICE,947 EAST BLANCO ROAD,SALINAS,CA,93901,14,
55d32976-c461-4fc3-b6ae-39b2794e9932,993969d6-037a-4594-b38f-1aba2d0e4588,Leonor133 Fierro365,F,GENERAL PRACTICE,2075 SAN JOAQUIN HILLS ROAD,NEWPORT BEACH,CA,92660,9,
ed021bc2-ea04-4873-9cb2-f907eb8089cc,ea814860-7b3e-4344-a0e0-9a3cfe3f5b0d,Opal236 Runolfsdottir785,F,GENERAL PRACTICE,1534 FREMONT BOULEVARD,SEASIDE,CA,93955,3,
18a69a2f-b579-4ec2-90d6-25d037d90e38,42b38821-c7e5-4a95-be91-80e05bacbe3f,Anabel269 Walsh511,F,GENERAL PRACTICE,15330 VALLEY VIEW AVENUE,LA MIRADA,CA,90638,1,
d6956125-21fa-4ec7-8efd-0360472f84f7,155dec4d-740c-4c55-a6fc-9bd82b079252,Mateo562 Menéndez746,M,GENERAL PRACTICE,13939 EAST 14TH STREET,SAN LEANDRO,CA,94578,21,
e7230df0-6dcc-4375-9552-7fdbf8604bc2,d47f86f0-cc8b-498d-90cd-674cba9fdcb2,Toccara373 Goldner995,F,GENERAL PRACTICE,1359 WEST AVENUE J,LANCASTER,CA,93534,16,
fdb82867-bddd-4fb1-9ba4-abf1678afa6b,f8b99e63-6cc4-4076-b8c1-68561211c4da,Damaris45 Wisoky380,F,GENERAL PRACTICE,2905 SOUTH EL CAMINO REAL,SAN MATEO,CA,94403,386,
3650b7db-44e5-4a6e-a834-e30bd2acabd1,64af7d1d-7718-4995-b722-85456f9718fa,Alisa860 Jaskolski867,F,GENERAL PRACTICE,5575 RUFFIN ROAD,SAN DIEGO,CA,92123,499,
cb520484-44bd-4913-a871-4a48b5807fe8,916faff0-519e-4b0f-b1b8-243544320f7c,Alberto639 Toledo81,M,GENERAL PRACTICE,1675 ALHAMBRA BOULEVARD,SACRAMENTO,CA,95816,23,
1fc6e455-f8cc-46b7-95d1-e99b88382ff6,71f91289-94f6-44f1-9ce3-e12c44b12ad2,Brittani427 Ebert178,F,GENERAL PRACTICE,508A 14TH STREET,SAN FRANCISCO,CA,94103,1,
de51a079-d5bb-4d9b-8d6f-42052a2cb528,131313d2-6092-4315-964f-ae96ac05946e,Mitchell808 Carter549,M,GENERAL PRACTICE,7667 AMADOR VALLEY BOULEVARD,DUBLIN,CA,94568,37,
5c9741e7-c3bd-4665-a9b2-6fd67993ee9d,fe3c88d5-8af5-4723-87f3-ca96c0dfac98,Mira443 Strosin214,F,GENERAL PRACTICE,2130 LAKE TAHOE BOULEVARD,SOUTH LAKE TAHOE,CA,96150,3,
8c24064f-640d-4b26-a941-321c14c3053f,f9dd2aee-86db-4ff5-a2fd-a4d7a654682f,Carlee848 Feest103,F,GENERAL PRACTICE,640 SOUTH PLACENTIA AVENUE,PLACENTIA,CA,92870,3,
a66b8ae7-c914-4011-a5ba-18a6275be660,7c51bd91-cfee-455b-99f1-80d13e47b22f,Cynthia180 Lueilwitz711,F,GENERAL PRACTICE,670 RIO LINDO AVENUE,CHICO,CA,95926,4,
23b8e10c-b252-428d-87e3-a0758e29a5d4,7ab22afd-9d74-4a7e-a1af-76f22ab19653,Lola232 Weber641,F,GENERAL PRACTICE,126 AVOCADO AVENUE,PERRIS,CA,92571,16,
1095e91d-d7ba-4e00-811b-f776011b860d,b24ecdd9-66f4-452b-a1e6-cb3ca81a5a9c,Al123 O'Keefe54,M,GENERAL PRACTICE,2500 MOWRY AVENUE,FREMONT,CA,94538,22,
639e675b-5b74-419d-b380-6e9d0cf33127,64c14fa8-00b1-4ccc-a6e9-32a1eb2d3026,Cortez851 Abshire638,M,GENERAL PRACTICE,364 OCEAN AVENUE,LAGUNA BEACH,CA,92651,1,
5a36d011-a5f4-446d-b68f-ff66f2d31bb4,bc2dcdf0-8cc2-4d59-9a39-18251f82a342,Suzi977 Stracke611,F,GENERAL PRACTICE,1350 EAST LOS ANGELES AVENUE,SIMI VALLEY,CA,93065,3,
e7773861-995e-40d6-9c8e-008dff2cb6f8,28cbf0a3-7561-4d89-958f-87bb79293c48,Cedric746 Schamberger479,M,GENERAL PRACTICE,6800 SOQUEL DRIVE,APTOS,CA,95003,1,
df2f5138-408d-402a-9764-de3efcbedf78,c9084c5a-4587-4535-961d-1f3cbc9547d8,Ailene520 Zieme486,F,GENERAL PRACTICE,4806 CARPINTERIA AVENUE,CARPINTERIA,CA,93013,10,
d3891a89-f4ed-4458-b2ba-0659de6f104e,5dca8970-ed64-4a4e-a04d-bacdf647e795,Angeles319 Bauch723,F,GENERAL PRACTICE,850 EAST WASHINGTON STREET,COLTON,CA,92324,11,
e59c62f5-9bec-4c56-bf37-4d71ae1396e8,ce2f6121-d13a-4927-8eb6-1cb80a8a4c8c,Gilbert263 Lemke654,M,GENERAL PRACTICE,3430 SOUTH GARFIELD AVENUE,COMMERCE,CA,90040,2,
92188d1f-85aa-4b12-8966-4c8a21e2318a,0e7bcfcf-52b3-4060-88a0-82402a217619,Isabel214 Hettinger594,F,GENERAL PRACTICE,9350 FLAIR DRIVE,EL MONTE,CA,91731,2,
aefe21c8-b2b3-4658-8d8d-62d3e7926d92,706162ee-fcef-4cfe-a77f-5d5a70b1f349,Coretta598 Hermiston71,F,GENERAL PRACTICE,3270 CHURN CREEK ROAD,REDDING,CA,96002,139,
cfd6cbde-2641-43ce-a00e-5cbefa291efb,3d5be305-2d07-4546-a780-fc3a4cadbd7a,Colleen54 Walter473,F,GENERAL PRACTICE,340 EAST BETTERAVIA ROAD,SANTA MARIA,CA,93454,9,
ea8a2c45-d956-44c4-9eb0-b90b3e3dc31a,4e932f89-7e9b-43ef-bd62-a9c8f82cea1d,Matthew562 Kris249,M,GENERAL PRACTICE,1093 HILLTOP DRIVE,REDDING,CA,96003,5,
93d5aa6d-bdda-40a4-bf51-30f05a6b5063,7f10c745-f9e9-476a-8be7-00ac457f5832,Curt84 Sawayn19,M,GENERAL PRACTICE,1801 EAST MARCH LANE,STOCKTON,CA,95210,19,
a1f037ac-248f-48e4-8bff-dd9d8a94316c,cf81fe9e-2256-48c5-a3f2-678b25842d37,Lamar193 Cartwright189,M,GENERAL PRACTICE,1107 WEST POPLAR AVENUE,PORTERVILLE,CA,93257,6,
add9a911-ce16-4ccc-b1b3-7c1ef6306a57,09b41c6a-e054-4aff-b4f3-87f51aedeb2d,Usha71 Schinner682,F,GENERAL PRACTICE,1225 NORTH H STREET,LOMPOC,CA,93436,2,
e4aca598-2c91-40d3-af44-6e03bde78945,10787b33-f232-46ad-9843-a1b98f06000a,Burma963 Kuphal363,F,GENERAL PRACTICE,505 PLAZA DRIVE,SANTA MARIA,CA,93454,3,
aad6278b-973b-4adb-b540-166994144c6f,0a37c4da-0a49-4e4f-8a43-0f823dc4977d,Jason347 Kris249,F,GENERAL PRACTICE,625 LINCOLN AVENUE,SAN JOSE,CA,95126,165,
e1cf8dbf-d270-4bbb-a9f5-49f1553f5e30,b80dfe77-cac3-4d85-b07f-566f39c73bae,Shaunna800 Cruickshank494,F,GENERAL PRACTICE,12224 SARATOGA SUNNYVALE ROAD,SARATOGA,CA,95070,3,
146e708a-1c4c-407a-b79c-397c000c09cd,3a95030e-7bfd-443f-bf71-e22d78db1275,Rick943 Mertz280,M,GENERAL PRACTICE,2557 CHINO HILLS PARKWAY,CHINO HILLS,CA,91709,9,
cd874648-6c07-41ec-806a-6c89c77b035a,e19f214c-740a-4ada-917a-8cedbdad9478,Tomeka87 Bruen238,F,GENERAL PRACTICE,701 EAST EL CAMINO REAL,MOUNTAIN VIEW,CA,94040,27,
4e0e6d1b-2e27-46f1-8cf1-6678656fdd9c,eaae727f-bdab-4d20-9e45-9cf0099b03af,Shonda871 Hegmann834,F,GENERAL PRACTICE,785 EAST WASHINGTON BOULEVARD,CRESCENT CITY,CA,95531,12,
6d7dc78c-1b79-4f6b-b380-58c2fd726631,627becfc-ac6d-4364-b1a0-c409b40f3941,Tomasa683 Heathcote539,F,GENERAL PRACTICE,1221 NORTH DUTTON AVENUE,SANTA ROSA,CA,95401,9,
118e7ece-cf44-4abf-a27d-7aff7a42631a,653b153c-8d43-4193-8269-adcf6e67f928,Virginia437 Carvajal694,F,GENERAL PRACTICE,16465 SIERRA LAKES PARKWAY,FONTANA,CA,92336,4,
6da215ab-d4ac-42ab-b998-3b95f34182b9,e1bd0fb0-9aa8-4abc-95b5-08aa8c6f9abd,Jacqui951 Sporer811,F,GENERAL PRACTICE,5475 WALNUT AVENUE,CHINO,CA,91710,8,
a0e13f0c-104d-44c1-a162-0d31ee6042aa,d09bace2-218f-4517-8253-fb1f4ca18673,Roseline981 Hagenes547,F,GENERAL PRACTICE,14282 AMAR ROAD,LA PUENTE,CA,91746,7,
5b9b2552-df17-4797-9ce0-d31263b766e7,43d37a92-6d73-4589-a1a2-f707f19c8efc,Ramiro608 Rivas297,M,GENERAL PRACTICE,9200 COLIMA ROAD,WHITTIER,CA,90605,349,
d57c22be-e0fc-4c64-8549-0df4c4cdfa88,28a81a7d-abc9-480f-b903-6c38dbd726cc,Oralia106 McLaughlin530,F,GENERAL PRACTICE,1235 WEST VINE STREET,LODI,CA,95240,4,
111b567e-3110-4d2f-ab56-712514b460d3,783c456b-7a11-48b9-bb9b-c5a4f1279311,Solange45 Konopelski743,F,GENERAL PRACTICE,2350 EAST BIDWELL STREET,FOLSOM,CA,95630,2,
20d2cbf6-df51-4765-853d-41c22dc11458,0cf75128-15ee-4af2-a9f2-6d0e6eab55b6,Evalyn273 Hayes766,F,GENERAL PRACTICE,1190 BAKER STREET,COSTA MESA,CA,92626,4,
f1ed72cc-7481-4bf2-a544-bb59e4657f36,27b6f3db-cbf5-46ef-8b60-49cdcef10a52,Deloris888 Kunde533,F,GENERAL PRACTICE,2090 NEVADA CITY HIGHWAY,GRASS VALLEY,CA,95945,2,
4ff7c0c7-efb5-42c1-8b04-0458318159a4,dacb4653-fe69-4074-a7b9-591528ccd10e,Micaela928 Escamilla823,F,GENERAL PRACTICE,716 EAST MAIN STREET,BARSTOW,CA,92311,4,
2d9cc3d3-7990-4ce5-a56a-ec9dc5c8ce3b,86589ff9-75db-4f7d-b97c-d70615713be2,Asa127 Hartmann983,M,GENERAL PRACTICE,3175 FIRESTONE BOULEVARD,SOUTH GATE,CA,90280,26,
adefe4de-b25f-4abf-98e0-696ae84216f2,e5c9cea9-a0f5-45a2-9418-8178d222e8bc,Fidel864 Bergnaum523,M,GENERAL PRACTICE,13470 TELEGRAPH ROAD,WHITTIER,CA,90605,13,
d4b158d5-516e-47a7-925d-379256022da2,75080550-6e52-4430-bbd9-b048de0b9ea4,Fredda152 Rempel203,F,GENERAL PRACTICE,15462 MAIN STREET,HESPERIA,CA,92345,3,
d1e6900a-5bf5-4f5d-b5d6-2f517468afe2,e84e4078-2542-4c9e-9291-df9b4fb9477b,Evie333 Sanford861,F,GENERAL PRACTICE,1850 WHITSON STREET,SELMA,CA,93662,8,
8896cad3-7371-405e-a13f-2f5587c0614d,07234eb9-9ecf-4d2e-b0f7-9d6d113fc0fc,Yulanda554 Haag279,F,GENERAL PRACTICE,25333 BARTON ROAD,LOMA LINDA,CA,92354,7,
2650b0fb-7eeb-4458-b57f-96b97a4cdaa5,c88093d4-f137-4716-9bae-e25eaf8045ef,Stasia733 Connelly992,F,GENERAL PRACTICE,74785 STATE HIGHWAY 111,INDIAN WELLS,CA,92210,9,
fb9f3738-3a53-4beb-937e-307d195440f1,ab0a468d-8bca-403d-8714-aff71160656d,Todd315 Brakus656,M,GENERAL PRACTICE,1199 NORTH INDIAN CANYON DRIVE,PALM SPRINGS,CA,92262,1,
0c29d39e-0c1d-4ce2-87a6-c8c8c47a5ccf,7f325226-892b-4191-a090-528fd0b17f60,Lola232 Piña753,F,GENERAL PRACTICE,5203 LAKEWOOD BOULEVARD,LAKEWOOD,CA,90712,7,
49dc24c4-b19d-478c-82ca-0f109c87ee3b,5d3ea748-c5ee-43f2-8fc2-3663b077fbaf,Claudia969 Mendoza384,F,GENERAL PRACTICE,6405 DAY STREET,RIVERSIDE,CA,92507,46,
36dcd88f-d195-41a9-98e6-90c455a30b8f,a2b94ef7-84ec-4a88-b756-7ff76d22ceb2,José3 Barragán638,M,GENERAL PRACTICE,14124 FOOTHILL BOULEVARD,SYLMAR,CA,91342,1,
4bca275a-eb35-4147-85ae-c664484ee08e,6e092418-523e-4e10-9d65-bc84d13a584e,Jorge203 Carrillo204,M,GENERAL PRACTICE,1695 SOUTH SAN JACINTO AVENUE,SAN JACINTO,CA,92583,3,
1276ce9f-a03b-4bbb-a2c2-789e2aa680be,a1a85dc6-f767-4cdc-81d5-69dd7bce3041,Stephan15 Stiedemann542,M,GENERAL PRACTICE,29798 HAUN ROAD,SUN CITY,CA,92584,19,
2fac4a8f-8bbf-4cec-aee7-05bcdd7a6bd9,a00d06a3-8c5d-41b2-94ad-f1f2aecacd47,Roger751 Orn563,M,GENERAL PRACTICE,15464 GOLDENWEST STREET,WESTMINSTER,CA,92683,200,
f3ac1462-b520-4168-8ec1-61aa98a29577,e7680ba9-0894-4ac9-82bb-0687375cfdcb,Gino587 Bartell116,M,GENERAL PRACTICE,36320 INLAND VALLEY DRIVE,WILDOMAR,CA,92595,5,
dfba3f61-2d6a-4f9f-b161-6538249172c3,e74d7136-c42a-44ce-b40e-629a552cdcbc,Marcela739 Vela532,F,GENERAL PRACTICE,1580 WINCHESTER BOULEVARD,CAMPBELL,CA,95008,1,
2fa9198f-1d53-416a-83f5-ae6be334cf79,fcabc5f3-c6fd-46fa-a2b0-e6c3662c96cd,Alanna27 Block661,F,GENERAL PRACTICE,22840 SOLEDAD CANYON ROAD,SAUGUS,CA,91350,42,
19f809e8-3689-428e-a817-df43cc9a61bf,6fb7a1af-260f-4239-9af2-0859864d4152,Alberto639 Gollum504,M,GENERAL PRACTICE,795 EL CAMINO REAL,PALO ALTO,CA,94301,180,
ab69c823-eb67-47d8-9f67-1c57f3d515cc,5240629e-ddff-4223-9c54-a8f22b873433,Dario75 O'Kon634,M,GENERAL PRACTICE,6174 STATE FARM DRIVE,ROHNERT PARK,CA,94928,1,
a5baff55-f0f4-483d-9dbe-dbd0a9a6af19,9f04c1f3-246d-4746-aaba-d3db6a484877,Sergio619 Naranjo39,M,GENERAL PRACTICE,825 SEQUOIA AVENUE,LINDSAY,CA,93247,3,
8427baaf-1f63-406f-94b5-d8fbf552755a,645bdb00-c06e-4a49-a6c9-4ce64ddf3aa4,Ernest565 Hyatt152,M,GENERAL PRACTICE,711 EAST HAWKEYE AVENUE,TURLOCK,CA,95380,3,
7b3b9190-69df-4b56-be66-eb6fc8bbda15,11dee0a4-893c-488c-9e7b-b3edbe8a899c,María Cristina383 Abeyta738,F,GENERAL PRACTICE,1101 SMITH LANE,ROSEVILLE,CA,95661,10,
361e45d7-a1b8-4b70-9cb0-5b7f5eaba454,498386ba-98ff-4b4a-8270-a6e8c4bdea0d,Timoteo39 Santillán790,M,GENERAL PRACTICE,7119 RITA AVENUE,HUNTINGTON PARK,CA,90255,5,
4a015e00-e11c-4b96-9ca8-762e7f5d14b5,63348e95-c123-452c-808b-add1ab4d09d1,Kenisha791 Heathcote539,F,GENERAL PRACTICE,1118 SOUTH GARFIELD AVENUE,ALHAMBRA,CA,91801,268,
d37e8ac8-3d27-441e-bc42-b16b3a189724,cbfce16c-7bc7-491a-b42e-da3000d3da9c,Lourdes258 Ulibarri312,F,GENERAL PRACTICE,15341 CENTRAL AVENUE,CHINO,CA,91710,94,
7e210a84-11df-4403-88dd-c47f9e940960,e81c5440-b026-4471-82f3-d0ab2d25cf5c,Eloisa55 Bernal586,F,GENERAL PRACTICE,7793 WREN AVENUE,GILROY,CA,95020,14,
85e2fa61-2d76-4eed-be97-cb0f63d3166f,b143acd3-d778-47ac-bd29-2ea7cc980c9b,Antony83 Hoeger474,M,GENERAL PRACTICE,6520 NORTH IRWINDALE AVENUE,IRWINDALE,CA,91702,4,
1bfbf4d7-d541-4198-b0c5-3a5b3f420979,fb7d97c4-c8fa-4fe5-b911-1ed4dca5e1e6,Francisco472 Patiño436,M,GENERAL PRACTICE,3200 INLAND EMPIRE BOULEVARD,ONTARIO,CA,91764,7,
2b1fa596-bc90-461f-8d43-bffffdf78251,56ea5767-e61b-4505-82c7-f8f10a1149a0,Carla633 Samaniego616,F,GENERAL PRACTICE,1045 NORTH TUSTIN AVENUE,ORANGE,CA,92867,21,
5155d757-5e20-4b91-a488-43fb0f2c7867,57a9314e-29cc-46ec-bdac-d3d07c3cceed,Daniel959 Vélez150,M,GENERAL PRACTICE,599 INLAND CENTER DRIVE,SAN BERNARDINO,CA,92408,15,
b6670764-f8e8-46a9-853b-b9a29f751481,5e37cfa5-923c-46ad-b864-6a46b2046ffb,Jacques50 Streich926,M,GENERAL PRACTICE,818 WEST ALONDRA BOULEVARD,COMPTON,CA,90220,7,
8cee87d7-0905-44c3-9d03-4d00e250232f,d123a4bb-0e0a-4e7f-a38f-7b39366b85c3,Paul232 Grady603,M,GENERAL PRACTICE,1236 NORTH MAGNOLIA AVENUE,ANAHEIM,CA,92801,8,
